label,sequence2,sequence3,no_inputs,ind_images,text_content,third-ratio,meanlength,redirection,structure,length-max,image_size_mean,3rd-request-ratio,3rd-response-ratio,no_frames,image size
benign,0,0,0,0,0.35,0.350,80,0,1,389,39.2,0.34,0.11,8,233.4
benign,1,0,7,1,0.60,0.820,51,0,0,650,4.0,0.42,0.34,11,322.9
benign,2,1,1,2,0.25,0.470,70,0,1,636,24.2,0.58,0.15,4,126.1
benign,2,1,6,1,0.67,0.530,75,0,0,678,5.8,0.50,0.22,11,241.8
benign,4,0,5,3,0.84,0.580,38,1,0,674,3.7,0.70,0.23,10,268.6
benign,5,0,5,1,0.63,0.640,61,1,1,577,3.1,0.59,0.16,15,258.2
benign,3,0,5,2,0.79,0.540,67,1,0,559,5.0,0.67,0.25,18,297.5
benign,3,0,5,1,0.74,0.660,68,1,1,648,3.3,0.42,0.37,17,575.2
benign,3,0,3,1,0.89,0.380,49,0,0,542,3.3,0.55,0.19,8,497.3
benign,2,0,4,2,0.89,0.520,76,1,1,642,5.6,0.64,0.21,15,264.4
benign,3,0,4,1,0.82,0.580,65,1,0,555,4.9,0.62,0.37,18,591.7
benign,2,0,5,1,0.72,0.580,117,1,0,404,5.4,0.69,0.24,13,355.1
benign,1,1,3,1,0.77,0.540,36,1,0,453,4.1,0.48,0.22,10,542.7
benign,2,0,3,3,0.77,0.730,66,1,0,477,1.5,0.44,0.37,11,287.1
benign,2,1,2,1,0.84,0.850,169,1,1,482,2.5,0.50,0.34,10,268.7
benign,3,1,2,1,0.77,0.570,73,1,0,419,4.6,0.42,0.32,13,523.1
benign,2,0,2,1,0.75,0.540,93,1,0,447,1.5,0.48,0.20,12,96.9
benign,1,0,2,3,0.71,0.630,98,1,0,486,3.8,0.52,0.38,13,129.9
benign,0,0,4,1,0.83,0.630,165,1,0,405,1.5,0.59,0.31,8,346.2
benign,1,0,5,1,0.69,0.820,68,1,0,459,3.1,0.64,0.22,15,170.8
benign,2,0,6,1,0.83,0.870,151,1,1,425,2.1,0.46,0.13,9,226.1
benign,1,0,4,0,0.22,0.530,43,0,1,269,14.7,0.37,0.11,7,88
benign,0,0,2,0,0.32,0.510,48,0,0,256,18.3,0.45,0.19,7,131.4
benign,0,0,0,0,0.30,0.330,56,0,1,258,28.7,0.56,0.10,7,411.9
benign,0,0,2,0,0.25,0.400,51,0,1,191,21.5,0.34,0.11,8,257.3
benign,0,0,4,0,0.37,0.270,40,0,1,147,22.5,0.52,0.08,7,570.8
benign,0,0,2,0,0.22,0.410,71,0,1,160,34.1,0.32,0.14,7,147.4
benign,0,0,0,0,0.33,0.380,61,0,0,194,18.2,0.42,0.19,6,94.7
benign,2,0,1,0,0.25,0.520,82,0,1,130,25.0,0.42,0.14,7,759.7
benign,1,0,2,0,0.37,0.540,72,0,1,151,35.2,0.38,0.17,3,85.4
benign,0,0,2,0,0.30,0.360,61,0,1,267,9.9,0.38,0.10,8,269.3
benign,0,0,1,0,0.32,0.490,75,0,1,207,18.5,0.56,0.09,8,736
benign,0,0,2,0,0.28,0.550,32,0,1,267,39.6,0.42,0.19,3,602
benign,0,0,2,0,0.21,0.400,76,0,0,214,37.0,0.44,0.08,8,474.8
benign,0,0,2,2,0.30,0.540,55,0,1,208,13.2,0.36,0.10,8,508.7
benign,0,0,1,0,0.24,0.480,46,0,0,276,28.6,0.39,0.08,3,744.8
benign,0,0,1,0,0.25,0.510,31,0,1,248,21.5,0.48,0.17,4,622.3
benign,0,0,2,0,0.29,0.460,45,0,1,134,19.4,0.32,0.11,6,360.7
benign,0,0,1,0,0.38,0.520,70,0,1,152,32.9,0.30,0.19,3,113.9
benign,0,0,0,1,0.25,0.550,43,0,1,153,27.4,0.43,0.16,7,131.1
benign,0,0,2,0,0.29,0.430,46,0,1,169,37.0,0.34,0.19,8,516.7
benign,0,0,0,0,0.25,0.380,60,0,1,170,20.5,0.53,0.20,6,730.4
benign,0,0,2,0,0.22,0.260,81,0,1,170,29.7,0.53,0.12,5,389.7
benign,0,0,0,0,0.21,0.540,66,0,1,236,12.9,0.40,0.10,6,387.6
benign,0,0,2,0,0.37,0.280,68,0,1,205,16.2,0.44,0.10,7,222.8
benign,0,0,2,0,0.39,0.410,80,0,1,186,34.6,0.55,0.12,7,743.7
benign,0,0,0,0,0.30,0.530,39,0,0,184,9.3,0.39,0.16,3,203
benign,0,0,2,0,0.25,0.540,79,0,1,229,8.5,0.55,0.13,8,511.4
benign,0,0,0,0,0.28,0.270,51,0,1,207,36.4,0.55,0.08,4,98.7
benign,1,0,0,0,0.24,0.380,47,1,1,139,11.0,0.59,0.16,6,690.1
benign,0,0,2,0,0.21,0.490,73,0,1,264,36.3,0.52,0.16,6,155.2
benign,0,0,1,0,0.33,0.320,67,0,1,267,39.5,0.43,0.09,6,269.6
benign,0,0,0,0,0.20,0.490,37,0,1,183,35.0,0.57,0.11,3,221.5
benign,0,0,2,0,0.37,0.390,62,0,1,265,9.5,0.39,0.10,8,704.3
benign,0,0,1,0,0.35,0.290,60,0,1,277,24.8,0.44,0.16,4,386.3
benign,0,0,2,0,0.35,0.330,64,0,1,258,29.6,0.34,0.13,7,204.2
benign,1,0,2,0,0.24,0.360,76,1,1,155,37.3,0.60,0.19,4,116.5
benign,0,0,1,0,0.32,0.310,74,0,1,163,16.3,0.51,0.15,3,97
benign,0,0,2,1,0.20,0.410,70,0,1,253,24.8,0.55,0.11,8,789.6
benign,0,0,4,0,0.23,0.380,34,0,1,180,32.7,0.53,0.08,6,395.8
benign,0,0,2,0,0.30,0.260,54,0,1,260,33.0,0.55,0.16,3,250.8
benign,0,0,1,0,0.20,0.270,38,0,1,246,16.1,0.48,0.18,5,335.9
benign,0,0,0,0,0.34,0.420,51,0,1,196,13.4,0.55,0.18,3,340.9
benign,0,0,2,2,0.21,0.260,72,0,1,207,32.1,0.50,0.20,8,582.8
benign,0,0,2,0,0.35,0.330,49,0,0,278,33.5,0.44,0.17,5,636.6
benign,0,0,0,0,0.38,0.500,43,0,1,196,23.6,0.40,0.13,4,590.4
benign,0,0,2,0,0.40,0.400,46,0,1,277,24.8,0.49,0.14,3,446.4
benign,0,0,1,0,0.26,0.260,48,0,0,200,25.1,0.47,0.16,6,785.3
benign,0,0,2,0,0.38,0.510,41,0,1,220,16.9,0.58,0.11,7,773.7
benign,0,0,2,0,0.25,0.420,34,0,1,202,34.9,0.45,0.19,3,153.5
benign,0,0,1,0,0.23,0.330,61,0,1,267,8.5,0.59,0.14,6,326
benign,3,0,4,1,0.64,0.510,51,0,0,554,5.5,0.51,0.22,18,497.6
benign,2,0,4,3,0.60,0.710,72,1,1,353,4.1,0.54,0.23,12,534.7
benign,4,1,3,1,0.67,0.730,56,1,0,466,3.3,0.45,0.23,17,473.4
benign,1,0,0,1,0.27,0.300,76,1,1,130,18.5,0.51,0.17,6,749.7
benign,2,1,3,1,0.61,0.360,99,1,0,481,5.0,0.67,0.12,13,475.7
benign,2,1,4,3,0.80,0.640,139,1,1,484,2.1,0.41,0.20,12,237.8
benign,3,1,3,1,0.77,0.560,113,1,0,457,3.4,0.56,0.15,11,295.9
benign,1,0,4,1,0.65,0.520,108,0,0,416,2.7,0.61,0.34,12,212.1
benign,2,1,5,3,0.68,0.850,63,1,0,405,4.9,0.43,0.31,14,524.7
benign,3,1,5,1,0.73,0.690,145,0,0,440,2.6,0.64,0.34,10,429.1
benign,0,0,2,0,0.22,0.330,68,0,0,186,18.4,0.36,0.09,7,580.5
benign,0,0,2,0,0.37,0.310,81,0,1,278,13.8,0.42,0.09,7,122
benign,0,0,1,0,0.24,0.350,76,0,1,178,15.4,0.42,0.14,6,598.8
benign,0,0,2,0,0.34,0.340,31,0,1,172,30.1,0.57,0.12,8,310
benign,0,0,0,1,0.22,0.330,60,0,1,229,13.9,0.51,0.15,4,235.2
benign,0,0,2,2,0.29,0.450,73,0,0,250,29.4,0.60,0.15,8,201.4
benign,0,0,1,0,0.38,0.490,49,0,1,140,35.6,0.31,0.09,8,596.9
benign,0,0,2,0,0.31,0.360,36,0,1,256,29.1,0.58,0.11,4,748
benign,0,0,1,0,0.34,0.370,78,0,1,226,22.4,0.46,0.13,7,725.9
benign,0,0,4,0,0.35,0.550,38,0,0,153,17.2,0.33,0.14,4,281.5
benign,0,0,2,0,0.36,0.530,61,0,1,146,15.9,0.57,0.11,4,81.8
benign,0,0,1,0,0.36,0.270,47,0,1,187,29.5,0.36,0.15,3,793.2
benign,0,0,1,0,0.23,0.490,71,0,1,169,15.7,0.57,0.09,4,278.8
benign,0,0,2,0,0.25,0.480,52,0,1,266,23.6,0.47,0.10,5,199.2
benign,0,0,2,0,0.20,0.550,64,0,1,193,36.5,0.33,0.09,6,152.2
benign,0,0,0,0,0.39,0.550,36,0,1,218,21.6,0.41,0.15,3,731.6
benign,0,0,2,0,0.38,0.340,69,0,1,259,30.6,0.39,0.10,7,351.6
benign,2,0,0,0,0.25,0.510,49,0,0,237,33.5,0.37,0.12,3,528.4
benign,0,0,2,0,0.32,0.330,79,0,1,259,38.7,0.46,0.20,7,82.8
benign,0,0,1,0,0.22,0.290,65,0,1,190,39.5,0.58,0.14,3,235.4
benign,2,0,2,0,0.29,0.260,84,0,1,165,25.4,0.49,0.13,5,606.1
benign,0,0,2,0,0.32,0.380,65,0,1,210,11.4,0.39,0.18,7,608.3
benign,2,0,0,0,0.25,0.330,45,0,1,150,31.5,0.31,0.16,5,540.4
benign,2,0,2,0,0.31,0.330,33,0,0,162,30.4,0.52,0.14,4,390.7
benign,2,0,1,0,0.53,0.340,50,0,1,151,27.3,0.36,0.19,6,617
benign,1,0,2,0,0.69,0.350,82,0,1,269,27.8,0.52,0.15,6,648.3
benign,0,0,2,0,0.58,0.490,40,0,1,174,8.6,0.34,0.17,5,232.9
benign,0,0,0,0,0.30,0.460,44,0,1,193,9.2,0.36,0.20,4,524.7
benign,0,0,2,0,0.45,0.300,56,0,1,244,8.8,0.32,0.15,4,471.6
benign,0,0,2,0,0.40,0.360,82,0,1,206,19.0,0.44,0.20,5,154
benign,0,0,0,0,0.70,0.390,30,0,1,137,37.3,0.47,0.12,7,247.5
benign,0,0,2,1,0.33,0.320,51,0,1,276,9.0,0.41,0.19,5,153
benign,0,0,1,0,0.29,0.440,57,0,0,271,24.6,0.54,0.10,6,238.6
benign,0,0,0,0,0.70,0.340,36,0,1,251,22.9,0.48,0.16,5,215.1
benign,0,0,2,0,0.71,0.530,64,0,1,131,23.8,0.42,0.20,3,409.2
benign,2,0,1,0,0.25,0.540,58,0,1,261,25.0,0.30,0.12,4,488.5
benign,0,0,1,0,0.71,0.480,85,0,1,254,33.7,0.55,0.14,6,637.1
benign,0,0,2,0,0.72,0.290,56,0,0,260,26.7,0.37,0.16,7,568.9
benign,0,0,2,0,0.77,0.540,50,0,1,207,9.3,0.33,0.17,3,326.2
benign,0,0,2,2,0.58,0.260,73,0,1,154,37.0,0.37,0.11,3,752.4
benign,0,0,0,0,0.60,0.500,34,0,1,272,12.1,0.46,0.17,5,526.6
benign,2,1,0,0,0.85,0.550,80,0,1,173,23.5,0.41,0.12,8,753.2
benign,0,0,2,0,0.88,0.410,69,0,1,243,22.9,0.39,0.11,7,687.9
benign,0,0,0,0,0.98,0.400,31,0,1,161,29.3,0.42,0.13,3,556
benign,0,0,2,0,0.33,0.390,73,0,1,270,14.8,0.40,0.09,8,575.7
benign,0,0,4,0,0.28,0.430,43,0,0,141,16.1,0.34,0.12,6,419.8
benign,0,0,2,1,0.34,0.330,85,0,1,131,19.8,0.46,0.20,4,500.9
benign,0,0,0,0,0.22,0.260,68,0,1,208,19.0,0.32,0.12,4,483.2
benign,0,0,2,0,0.38,0.380,58,0,1,273,22.3,0.58,0.19,5,502.8
benign,0,0,0,0,0.34,0.350,82,0,1,218,19.0,0.31,0.15,8,266.6
benign,0,0,0,0,0.23,0.510,34,0,0,277,8.7,0.48,0.16,3,394.1
benign,0,0,2,0,0.39,0.330,78,0,1,197,38.9,0.46,0.18,4,618.2
benign,0,0,2,0,0.23,0.410,38,0,1,172,24.4,0.45,0.11,8,243.2
benign,0,0,0,0,0.37,0.380,40,0,1,257,31.7,0.59,0.09,3,387.9
benign,0,0,2,0,0.28,0.340,73,0,1,233,16.5,0.37,0.18,5,507.4
benign,0,0,2,0,0.23,0.510,85,0,1,152,31.1,0.49,0.09,6,170.6
benign,0,0,1,0,0.26,0.340,37,0,1,213,39.2,0.59,0.08,6,497.5
benign,0,0,2,0,0.31,0.420,71,0,1,255,25.5,0.43,0.08,3,172.8
benign,0,0,0,0,0.31,0.390,32,0,1,266,35.2,0.50,0.18,3,109.6
benign,0,0,2,0,0.31,0.500,48,0,1,195,31.9,0.39,0.13,6,547
benign,0,0,1,0,0.34,0.270,47,0,1,145,19.3,0.35,0.19,7,784.1
benign,0,0,2,0,0.35,0.300,33,0,1,162,9.9,0.40,0.11,6,171.3
benign,0,0,0,0,0.37,0.460,32,0,1,260,18.5,0.48,0.12,7,179.8
benign,0,0,2,0,0.36,0.270,64,0,1,228,22.1,0.39,0.14,5,571.2
benign,0,0,0,0,0.39,0.480,76,0,1,137,26.2,0.46,0.10,7,401
benign,0,0,2,0,0.21,0.550,43,0,0,184,36.5,0.49,0.16,6,220.4
benign,0,0,1,0,0.29,0.270,75,0,1,243,38.4,0.54,0.10,8,601.5
benign,0,0,2,0,0.29,0.260,62,0,1,131,23.1,0.45,0.19,5,780.1
benign,0,0,2,0,0.24,0.260,85,0,1,133,17.3,0.53,0.19,3,158.2
benign,0,0,0,0,0.35,0.470,85,0,1,256,36.7,0.30,0.18,4,478
benign,0,0,2,0,0.21,0.420,60,0,1,152,25.5,0.57,0.15,3,159.4
benign,2,2,2,4,0.50,0.610,75,0,1,639,8.2,0.46,0.27,6,204.1
benign,1,0,3,1,0.87,0.820,104,1,0,560,3.2,0.48,0.27,10,144.2
benign,1,0,3,3,0.72,0.730,61,1,0,350,4.0,0.58,0.40,12,227.4
benign,1,0,1,1,0.67,0.810,71,1,0,520,1.3,0.69,0.33,8,197.9
benign,1,0,4,1,0.80,0.820,101,1,1,517,4.8,0.69,0.25,7,459.2
benign,1,0,3,4,0.90,0.730,70,1,0,538,4.7,0.46,0.39,14,204.1
benign,2,1,2,1,0.65,0.820,63,0,0,535,1.4,0.63,0.21,12,525.3
benign,3,2,5,1,0.86,0.710,40,1,0,642,2.2,0.66,0.28,12,390.8
benign,2,1,4,3,0.73,0.730,58,1,1,545,3.4,0.49,0.21,11,269.7
benign,1,0,4,1,0.70,0.890,92,1,0,660,5.4,0.68,0.19,11,467.6
benign,5,1,4,3,0.72,0.730,77,1,0,564,2.1,0.68,0.18,7,188.1
benign,3,1,4,1,0.78,0.720,61,1,0,602,2.0,0.51,0.21,7,463.8
benign,2,1,4,4,0.80,0.890,39,0,1,584,1.1,0.51,0.25,12,194.6
benign,4,1,3,1,0.62,0.620,66,1,0,670,5.7,0.45,0.31,17,94.4
benign,3,1,3,1,0.87,0.560,59,1,1,550,3.8,0.45,0.12,10,303.8
benign,2,1,5,1,0.62,0.560,34,1,0,628,4.1,0.66,0.35,7,175
benign,3,1,5,1,0.87,0.650,72,1,1,555,5.0,0.44,0.40,11,116.2
benign,4,1,4,2,0.88,0.610,35,1,0,549,4.0,0.46,0.35,15,480.4
benign,3,1,5,5,0.71,0.450,73,1,1,534,5.9,0.45,0.33,12,430.3
benign,3,1,4,1,0.69,0.470,64,1,0,594,2.8,0.52,0.12,7,481.7
benign,0,0,1,0,0.20,0.300,53,0,0,233,20.0,0.32,0.10,5,615.1
benign,0,0,2,1,0.35,0.540,85,0,1,148,19.2,0.32,0.13,7,136.9
benign,0,0,4,0,0.23,0.470,78,0,1,138,39.7,0.53,0.08,7,527.1
benign,0,0,1,0,0.32,0.390,71,0,1,137,16.7,0.58,0.20,6,350.6
benign,0,0,2,0,0.31,0.440,71,0,0,265,14.8,0.52,0.09,6,730.8
benign,0,0,0,2,0.37,0.470,73,0,1,181,25.0,0.49,0.14,5,553.6
benign,0,0,2,0,0.29,0.450,85,0,1,219,37.4,0.44,0.08,5,734.9
benign,0,0,2,0,0.30,0.520,84,0,1,226,34.2,0.48,0.16,5,720.1
benign,0,0,1,0,0.31,0.450,41,0,1,177,26.6,0.39,0.10,8,287.5
benign,0,0,1,0,0.35,0.420,41,0,1,131,10.4,0.50,0.15,3,537.6
benign,0,0,2,0,0.38,0.480,58,0,0,218,18.0,0.40,0.10,4,264.3
benign,0,0,0,0,0.26,0.280,82,0,1,228,18.2,0.34,0.15,5,560.5
benign,0,0,2,0,0.35,0.410,74,0,1,144,33.8,0.40,0.08,4,185.1
benign,0,0,1,0,0.30,0.380,44,1,1,145,14.9,0.44,0.15,3,187.8
benign,0,0,2,0,0.25,0.480,31,0,1,194,20.6,0.46,0.14,6,721.1
benign,0,0,1,0,0.30,0.390,33,0,1,174,32.1,0.47,0.19,4,476.5
benign,0,0,2,1,0.26,0.510,44,0,1,206,22.6,0.40,0.12,7,323.9
benign,0,0,0,0,0.23,0.500,52,0,0,147,28.4,0.47,0.16,4,156.4
benign,0,0,2,0,0.20,0.510,54,0,1,224,26.5,0.46,0.12,7,672.9
benign,0,0,1,0,0.39,0.430,37,0,1,145,25.8,0.41,0.19,3,88.4
benign,0,0,0,0,0.40,0.530,37,0,1,144,29.0,0.49,0.15,7,95
benign,0,0,2,0,0.26,0.350,71,0,1,189,36.2,0.30,0.19,8,329.5
benign,0,0,1,0,0.26,0.480,81,0,1,208,21.3,0.40,0.16,3,509.9
benign,0,0,2,0,0.32,0.300,64,0,0,160,9.8,0.43,0.16,6,734.6
benign,0,0,0,0,0.29,0.410,66,1,1,191,21.9,0.48,0.11,7,212.4
benign,0,0,1,0,0.23,0.450,79,0,1,149,8.1,0.58,0.18,4,590.2
benign,0,0,2,0,0.38,0.430,83,0,1,197,21.8,0.34,0.16,3,81.4
benign,0,0,1,0,0.24,0.290,32,0,1,141,9.4,0.57,0.13,8,298.5
benign,0,0,0,0,0.36,0.260,64,0,0,157,23.5,0.33,0.08,4,537.5
benign,0,0,2,0,0.40,0.280,74,0,1,189,27.8,0.35,0.19,3,595.5
benign,0,0,1,0,0.29,0.500,53,0,1,239,39.2,0.31,0.12,5,496.3
benign,0,0,0,0,0.21,0.260,37,0,1,252,32.7,0.48,0.15,4,379.1
benign,0,0,2,0,0.22,0.460,70,0,1,251,17.7,0.33,0.09,4,675
benign,0,0,1,1,0.29,0.320,75,0,1,212,23.1,0.50,0.10,6,251.1
benign,0,0,2,0,0.40,0.330,57,0,1,164,27.5,0.41,0.13,3,723.3
benign,0,0,0,0,0.39,0.360,39,0,0,198,30.0,0.38,0.12,7,706.2
benign,0,0,1,0,0.26,0.550,43,1,1,210,13.2,0.31,0.18,7,586
benign,0,0,0,0,0.24,0.510,30,0,1,164,37.0,0.47,0.13,3,240.3
benign,0,0,1,0,0.23,0.490,42,0,1,194,20.3,0.38,0.15,8,206.8
benign,0,0,2,0,0.24,0.370,51,0,1,217,36.7,0.42,0.16,8,137.3
benign,0,0,2,2,0.26,0.550,47,0,0,183,30.7,0.43,0.19,5,376.3
benign,0,0,0,0,0.39,0.420,59,0,1,264,9.5,0.43,0.13,5,462.4
benign,0,0,1,0,0.22,0.460,74,0,1,235,23.6,0.47,0.18,7,705.8
benign,0,0,0,0,0.38,0.350,82,0,1,183,31.3,0.59,0.14,3,80.8
benign,0,0,1,0,0.27,0.370,56,0,1,194,18.3,0.59,0.17,8,270.3
benign,0,0,2,0,0.28,0.310,63,0,0,223,8.5,0.60,0.11,6,773.2
benign,0,0,1,0,0.36,0.360,66,0,1,269,22.5,0.34,0.14,7,128.4
benign,0,0,4,0,0.27,0.510,79,0,1,271,31.2,0.41,0.10,5,450.1
benign,0,0,1,1,0.26,0.520,43,0,1,189,23.0,0.37,0.13,7,679.4
benign,0,0,2,0,0.39,0.550,80,0,1,203,13.1,0.33,0.13,4,662.7
benign,0,0,1,0,0.23,0.510,76,1,1,260,11.4,0.57,0.16,4,511.5
benign,0,0,2,0,0.20,0.350,61,0,0,268,9.8,0.43,0.18,6,347
benign,0,0,1,0,0.27,0.450,54,1,1,236,25.1,0.59,0.11,4,387
benign,0,0,2,0,0.29,0.500,48,0,1,158,15.7,0.51,0.19,6,548.6
benign,0,0,2,0,0.32,0.320,48,0,1,142,33.2,0.36,0.09,5,605.7
benign,0,0,1,0,0.33,0.490,30,0,1,265,28.8,0.59,0.13,7,797.7
benign,0,0,2,0,0.38,0.430,41,0,1,186,22.6,0.33,0.13,4,441.5
benign,0,0,2,0,0.35,0.530,43,0,0,175,21.5,0.56,0.12,5,552.7
benign,0,0,1,0,0.32,0.270,64,0,1,144,19.2,0.47,0.13,4,126.8
benign,0,0,2,0,0.24,0.410,47,0,1,131,19.2,0.58,0.14,6,382
benign,0,0,1,0,0.20,0.530,54,0,1,274,23.6,0.51,0.08,3,602.2
benign,0,0,1,0,0.22,0.450,38,0,1,203,12.7,0.40,0.14,7,332.6
benign,0,0,2,0,0.30,0.510,75,0,1,154,25.9,0.49,0.16,8,270.3
benign,0,0,2,2,0.35,0.330,45,0,1,177,37.8,0.45,0.18,6,268.7
benign,0,0,2,1,0.27,0.270,81,0,0,140,16.2,0.37,0.14,6,459.4
benign,0,0,0,0,0.30,0.470,59,0,1,214,17.2,0.39,0.19,4,558.5
benign,0,0,2,0,0.33,0.490,84,0,1,130,14.4,0.48,0.11,5,514
benign,0,0,2,0,0.29,0.450,55,1,1,214,14.9,0.31,0.19,3,109.2
benign,0,0,2,0,0.31,0.550,74,0,0,187,37.0,0.37,0.10,3,788.3
benign,0,0,1,0,0.27,0.270,66,0,1,157,21.4,0.50,0.14,8,151.5
benign,0,0,0,0,0.25,0.500,80,0,1,136,17.6,0.49,0.09,4,250.1
benign,0,0,2,0,0.30,0.420,53,0,1,265,18.5,0.44,0.16,5,782.5
benign,0,0,1,0,0.30,0.260,80,0,1,139,36.0,0.46,0.15,6,637.5
benign,0,0,2,0,0.26,0.520,46,0,1,150,32.3,0.56,0.10,7,85.6
benign,0,0,2,0,0.28,0.330,43,0,0,131,15.7,0.43,0.12,8,285.2
benign,0,0,1,0,0.20,0.450,34,0,1,153,34.5,0.59,0.18,8,185.9
benign,0,0,2,0,0.20,0.410,50,0,1,176,15.8,0.43,0.14,6,636.2
benign,0,0,2,0,0.30,0.530,55,0,1,280,9.3,0.44,0.20,7,304.8
benign,0,0,1,0,0.36,0.500,30,0,0,143,23.5,0.37,0.12,8,426.1
benign,0,0,0,0,0.23,0.440,63,0,1,203,28.9,0.57,0.14,5,152.7
benign,0,0,4,0,0.33,0.310,54,0,1,156,14.1,0.51,0.11,8,489.8
benign,0,0,2,2,0.22,0.550,37,1,1,274,26.2,0.53,0.10,7,417.8
benign,0,0,1,0,0.32,0.350,62,0,1,212,35.3,0.50,0.14,7,212.5
benign,0,0,2,0,0.21,0.500,73,0,1,138,30.8,0.34,0.17,5,765.3
benign,0,0,1,0,0.35,0.510,56,0,1,248,18.4,0.51,0.15,4,684.2
benign,0,0,2,0,0.22,0.330,43,0,1,158,35.3,0.39,0.14,4,168.4
benign,0,0,1,0,0.33,0.380,40,0,0,201,39.7,0.56,0.09,5,100.9
benign,0,0,2,0,0.36,0.540,60,0,1,150,25.8,0.40,0.09,7,522.2
benign,0,0,1,0,0.28,0.280,61,0,1,257,38.2,0.39,0.14,3,86.4
benign,0,0,1,0,0.34,0.450,71,0,1,266,21.1,0.33,0.10,3,574.4
benign,0,0,1,0,0.34,0.270,81,0,1,151,32.3,0.45,0.16,4,312.5
benign,0,0,4,0,0.34,0.370,67,0,1,273,30.6,0.46,0.16,3,111.7
benign,0,0,1,0,0.38,0.440,44,0,1,244,23.6,0.42,0.12,3,166.2
benign,0,0,2,0,0.25,0.330,64,0,1,250,31.7,0.43,0.10,3,109.6
benign,0,0,0,0,0.38,0.400,44,0,1,237,31.0,0.36,0.17,5,507.8
benign,0,0,2,0,0.40,0.530,66,0,0,142,13.8,0.51,0.17,4,277.9
benign,0,0,1,0,0.25,0.270,83,0,1,215,21.8,0.41,0.09,7,177.7
benign,2,1,6,2,0.73,0.540,82,1,0,712,2.4,0.65,0.33,12,246.7
benign,2,1,7,1,0.64,0.520,81,1,0,922,3.9,0.57,0.35,11,222.4
benign,1,0,4,2,0.65,0.710,85,1,0,949,4.4,0.64,0.39,12,310.5
benign,1,0,4,1,0.60,0.610,109,1,1,813,5.1,0.60,0.32,10,549.4
benign,2,1,6,2,0.81,0.520,86,1,0,819,5.4,0.49,0.30,11,452.6
benign,2,0,6,1,0.83,0.830,91,1,0,934,3.6,0.53,0.40,10,120.8
benign,2,0,5,2,0.62,0.540,89,1,0,938,3.2,0.51,0.23,10,169.3
benign,5,1,4,1,0.58,0.720,91,1,0,812,3.4,0.70,0.20,9,169.5
benign,0,0,2,0,0.35,0.400,40,0,1,224,22.4,0.35,0.10,4,545.5
benign,0,0,2,0,0.29,0.410,83,0,1,229,23.2,0.59,0.19,4,314.4
benign,0,0,2,0,0.39,0.350,58,0,1,165,20.0,0.38,0.19,4,267.9
benign,0,0,1,0,0.27,0.320,45,0,1,259,13.6,0.47,0.14,8,292.5
benign,0,0,2,0,0.30,0.510,47,0,1,267,21.3,0.44,0.15,6,636.5
benign,0,0,4,0,0.26,0.530,62,0,1,168,8.2,0.34,0.17,6,425.6
benign,0,0,2,0,0.33,0.540,51,0,0,235,11.2,0.48,0.08,8,734.7
benign,0,0,2,0,0.31,0.310,48,0,1,170,28.8,0.30,0.19,5,461.7
benign,0,0,1,0,0.23,0.520,73,1,1,228,13.7,0.58,0.11,6,358.3
benign,0,0,2,0,0.38,0.490,44,0,1,146,26.7,0.56,0.12,8,735.6
benign,0,0,1,0,0.21,0.550,85,0,1,267,24.6,0.49,0.14,3,555.9
benign,0,0,2,0,0.24,0.350,62,0,1,146,13.4,0.59,0.11,4,262
benign,0,0,0,0,0.35,0.260,67,0,1,205,35.5,0.52,0.10,5,527.4
benign,0,0,2,1,0.26,0.400,61,0,1,249,9.4,0.47,0.16,4,100.1
benign,0,0,1,0,0.32,0.500,35,0,0,254,35.6,0.33,0.11,6,741.8
benign,0,0,2,0,0.33,0.370,79,0,1,225,24.5,0.44,0.13,5,558.7
benign,0,0,0,0,0.26,0.380,44,0,1,274,38.9,0.60,0.13,8,603.7
benign,0,0,2,0,0.35,0.440,50,0,1,151,23.6,0.47,0.17,5,218.3
benign,0,0,1,0,0.31,0.280,70,0,1,241,19.5,0.54,0.19,7,392.2
benign,0,0,2,0,0.40,0.430,32,0,1,223,9.3,0.35,0.12,8,766.4
benign,0,0,2,0,0.40,0.380,68,0,0,199,17.9,0.45,0.15,7,116.8
benign,0,0,2,2,0.29,0.530,61,0,1,201,38.2,0.37,0.14,7,233.3
benign,0,0,2,0,0.28,0.460,80,0,1,138,14.6,0.59,0.09,5,720.9
benign,0,0,1,0,0.36,0.330,44,0,1,205,35.4,0.44,0.12,4,709.8
benign,0,0,2,0,0.37,0.430,76,0,1,134,12.0,0.40,0.14,4,343.2
benign,0,0,0,0,0.26,0.480,37,0,1,260,9.5,0.35,0.08,3,629.6
benign,0,0,2,0,0.37,0.490,79,0,1,278,29.3,0.43,0.10,4,284.4
benign,0,0,0,0,0.33,0.410,69,0,1,203,31.3,0.51,0.17,6,231.9
benign,0,0,1,0,0.23,0.540,56,0,1,226,14.7,0.59,0.13,7,680.3
benign,0,0,2,0,0.29,0.430,34,0,0,206,14.1,0.33,0.10,5,187.4
benign,0,0,1,0,0.21,0.280,42,0,1,186,28.8,0.38,0.14,5,791.5
benign,0,0,2,0,0.31,0.390,85,0,1,186,20.4,0.47,0.15,8,564.4
benign,0,0,0,0,0.32,0.300,43,0,1,152,9.0,0.58,0.10,3,480.4
benign,0,0,2,0,0.35,0.410,80,0,1,276,25.7,0.54,0.15,7,524.8
benign,0,0,1,1,0.34,0.390,36,0,1,205,12.4,0.43,0.10,8,478.3
benign,0,0,4,0,0.35,0.480,73,0,1,264,13.2,0.44,0.10,7,184
benign,0,0,2,0,0.26,0.380,74,0,1,262,10.3,0.32,0.13,7,427.9
benign,0,0,0,0,0.23,0.440,38,0,0,132,31.9,0.46,0.17,6,466.5
benign,0,0,2,0,0.30,0.400,73,0,1,278,28.0,0.60,0.15,4,111.4
benign,0,0,1,0,0.24,0.550,79,0,1,203,30.1,0.57,0.09,4,356.7
benign,0,0,2,0,0.31,0.280,73,0,1,194,11.0,0.48,0.15,8,404
benign,0,0,1,0,0.34,0.520,78,0,1,251,29.5,0.52,0.10,7,311.9
benign,0,0,2,0,0.33,0.520,59,0,1,243,11.5,0.56,0.14,6,197.9
benign,0,0,1,0,0.21,0.290,46,0,0,261,19.3,0.34,0.20,7,389.5
benign,1,0,2,0,0.34,0.470,39,1,1,195,29.1,0.42,0.19,8,246.5
benign,0,0,0,0,0.36,0.370,39,0,1,220,15.1,0.40,0.17,6,766.4
benign,0,0,2,0,0.26,0.400,32,0,1,262,16.0,0.40,0.14,5,445
benign,0,0,0,0,0.26,0.550,70,0,1,269,35.0,0.48,0.18,6,791.7
benign,0,0,1,0,0.34,0.510,53,0,1,180,38.6,0.46,0.10,6,661.5
benign,0,0,4,0,0.24,0.340,37,0,0,204,14.0,0.35,0.09,7,283.3
benign,0,0,2,0,0.20,0.540,53,0,1,263,9.1,0.55,0.08,4,88.7
benign,0,0,1,0,0.34,0.320,60,0,1,193,35.8,0.37,0.13,4,108.6
benign,0,0,2,0,0.22,0.340,58,0,1,280,38.3,0.39,0.08,5,428.7
benign,0,0,0,0,0.24,0.430,74,0,0,157,28.1,0.56,0.10,4,156
benign,0,0,1,0,0.24,0.370,73,0,1,221,27.1,0.43,0.15,6,163.8
benign,0,0,2,0,0.38,0.450,37,0,1,217,29.3,0.59,0.13,6,599.9
benign,0,0,1,0,0.29,0.290,80,0,1,181,35.5,0.33,0.14,7,158.8
benign,0,0,2,0,0.33,0.510,77,0,0,231,20.3,0.33,0.18,5,189.4
benign,0,0,0,0,0.22,0.290,79,0,1,202,39.8,0.39,0.19,6,187.6
benign,0,0,1,2,0.34,0.430,45,0,1,224,20.7,0.34,0.15,8,320.4
benign,0,0,2,0,0.28,0.510,71,0,1,234,20.6,0.37,0.09,8,371.1
benign,0,0,0,0,0.37,0.290,34,0,1,212,15.4,0.40,0.15,6,598
benign,0,0,2,0,0.35,0.300,33,0,1,193,16.8,0.33,0.15,3,248.5
benign,0,0,1,0,0.36,0.440,56,0,1,178,36.2,0.43,0.08,3,753.7
benign,0,0,2,0,0.20,0.340,61,0,0,229,16.4,0.58,0.13,7,318.6
benign,0,0,2,0,0.34,0.350,77,0,1,220,18.8,0.43,0.18,4,572
benign,0,0,1,0,0.40,0.470,63,1,1,245,28.6,0.50,0.19,6,314.6
benign,0,0,2,0,0.29,0.280,57,0,1,139,22.4,0.39,0.11,6,522.5
benign,0,0,0,0,0.22,0.460,44,0,1,233,18.1,0.42,0.08,3,446.8
benign,0,0,2,0,0.26,0.520,83,0,1,243,19.2,0.51,0.16,6,794.5
benign,0,0,2,0,0.39,0.290,31,0,1,176,21.9,0.51,0.11,5,121.5
benign,0,0,0,0,0.29,0.470,65,0,1,150,36.0,0.44,0.09,5,755.2
benign,0,0,2,0,0.35,0.460,74,0,1,194,14.3,0.49,0.15,6,732.5
benign,0,0,0,1,0.37,0.390,82,0,1,218,22.5,0.32,0.11,7,494.1
benign,0,0,1,0,0.32,0.540,62,0,1,171,18.4,0.59,0.09,4,608.3
benign,0,0,0,0,0.27,0.320,30,0,1,230,20.3,0.43,0.12,7,446
benign,0,0,2,0,0.35,0.530,78,0,1,166,18.1,0.31,0.09,6,395.6
benign,0,0,1,0,0.32,0.430,68,0,1,163,11.0,0.34,0.17,8,643.9
benign,0,0,2,0,0.37,0.260,58,1,1,194,23.4,0.40,0.09,8,199.1
benign,0,0,0,0,0.32,0.430,52,0,1,152,36.0,0.38,0.08,6,669.2
benign,0,0,2,0,0.32,0.330,33,0,1,236,36.6,0.56,0.10,4,540.8
benign,0,0,1,0,0.33,0.550,64,0,1,154,8.5,0.44,0.20,7,161.3
benign,0,0,2,0,0.33,0.460,68,0,1,186,18.1,0.38,0.16,6,102.3
benign,0,0,0,0,0.36,0.390,41,0,1,235,15.8,0.38,0.20,4,648.2
benign,0,0,2,0,0.25,0.270,80,0,1,185,12.0,0.39,0.12,5,276.9
benign,0,0,1,0,0.38,0.430,81,0,1,171,20.9,0.51,0.12,8,777.6
benign,0,0,2,0,0.36,0.380,44,0,1,135,12.8,0.50,0.11,4,152.6
benign,0,0,4,0,0.32,0.430,52,0,1,245,28.9,0.46,0.16,5,430.8
benign,0,0,1,0,0.31,0.470,76,0,1,139,29.5,0.59,0.10,5,513.6
benign,0,0,0,0,0.39,0.520,77,0,1,179,27.0,0.37,0.14,5,553.7
benign,0,0,2,0,0.24,0.470,84,0,1,146,20.6,0.55,0.13,8,782.8
benign,0,0,1,0,0.37,0.500,69,0,1,233,14.3,0.56,0.19,5,444
benign,0,0,2,0,0.33,0.480,54,0,1,188,18.1,0.43,0.11,4,127.5
benign,0,0,1,0,0.26,0.490,45,1,1,185,36.7,0.45,0.12,5,539.5
benign,0,0,2,0,0.24,0.380,37,0,1,279,30.0,0.49,0.11,3,766.8
benign,0,0,0,0,0.35,0.320,32,0,1,185,13.2,0.58,0.12,8,381.1
benign,0,0,2,0,0.36,0.280,44,0,1,251,13.6,0.41,0.20,5,268
benign,0,0,1,0,0.33,0.340,59,0,1,253,24.4,0.53,0.19,4,282
benign,0,0,2,0,0.27,0.290,61,0,1,164,14.1,0.33,0.16,7,265.7
benign,0,0,0,0,0.22,0.330,75,0,1,176,24.2,0.31,0.13,8,457.9
benign,0,0,2,0,0.20,0.310,65,0,1,137,29.1,0.45,0.14,6,411.3
benign,0,0,0,0,0.39,0.260,81,0,1,179,18.9,0.33,0.18,5,119.1
benign,0,0,4,1,0.23,0.550,76,1,1,171,17.3,0.35,0.14,6,185.7
benign,0,0,2,0,0.38,0.260,83,0,1,177,29.8,0.50,0.19,3,680.8
benign,0,0,0,0,0.35,0.460,84,0,1,275,20.1,0.43,0.11,7,354.3
benign,0,0,0,0,0.40,0.340,38,0,1,170,35.3,0.43,0.10,7,146.8
benign,0,0,2,0,0.24,0.520,45,0,1,185,9.3,0.57,0.16,8,333
benign,0,0,0,0,0.35,0.400,84,0,1,237,17.6,0.47,0.08,8,697.8
benign,0,0,2,0,0.38,0.350,40,0,1,143,14.0,0.31,0.08,5,481.3
benign,0,0,1,0,0.39,0.320,55,0,1,175,33.5,0.39,0.19,5,481
benign,0,0,0,0,0.29,0.520,77,1,1,162,11.5,0.37,0.14,6,713.7
benign,0,0,2,0,0.25,0.390,62,0,1,150,18.3,0.54,0.18,6,314.7
benign,0,0,0,0,0.36,0.280,61,0,1,226,39.9,0.32,0.15,6,406.6
benign,0,0,2,0,0.37,0.470,42,0,1,225,26.5,0.48,0.11,3,136.6
benign,0,0,1,0,0.34,0.440,43,0,0,250,16.9,0.41,0.15,4,426.2
benign,0,0,2,0,0.35,0.380,58,0,1,235,28.5,0.36,0.18,7,352.7
benign,0,0,2,0,0.26,0.280,81,0,1,170,13.7,0.40,0.13,8,381.7
benign,0,0,1,0,0.23,0.470,71,0,1,173,31.8,0.58,0.16,3,680.1
benign,0,0,1,0,0.23,0.410,69,0,1,183,20.6,0.51,0.15,5,762.2
benign,0,0,2,0,0.27,0.540,48,0,1,158,10.2,0.31,0.12,7,177.8
benign,0,0,0,0,0.35,0.480,65,0,1,190,14.2,0.39,0.17,7,571.1
benign,0,0,2,0,0.24,0.390,61,0,1,187,32.6,0.58,0.10,3,421.1
benign,0,0,1,0,0.39,0.370,60,0,1,155,14.1,0.35,0.17,5,97.9
benign,0,0,2,0,0.31,0.430,71,1,1,231,26.6,0.55,0.19,3,655
benign,0,0,0,0,0.20,0.480,83,0,1,182,27.9,0.40,0.12,5,690.9
benign,0,0,2,1,0.35,0.320,33,0,1,185,31.4,0.39,0.14,5,247
benign,0,0,1,0,0.23,0.360,74,0,1,141,27.8,0.44,0.10,3,709.6
benign,1,0,2,0,0.28,0.530,39,0,1,162,28.8,0.52,0.15,6,514.7
benign,0,0,2,0,0.40,0.540,58,0,1,233,32.0,0.36,0.18,6,645.8
benign,0,0,0,0,0.32,0.480,33,0,1,149,12.8,0.59,0.13,6,796
benign,0,0,2,0,0.32,0.280,37,0,1,160,11.1,0.43,0.18,4,758.2
benign,0,0,1,0,0.31,0.420,69,0,1,201,16.5,0.54,0.11,4,90.3
benign,0,0,2,0,0.35,0.520,57,0,1,210,37.5,0.40,0.10,8,332.3
benign,0,0,2,0,0.32,0.270,48,0,1,144,19.1,0.30,0.19,6,112
benign,0,0,1,0,0.28,0.470,38,0,1,207,29.7,0.39,0.10,6,505.1
benign,0,0,2,0,0.27,0.520,59,0,1,201,36.4,0.54,0.14,8,444.3
benign,0,0,0,0,0.36,0.510,77,0,0,209,8.9,0.40,0.10,4,187.2
benign,0,0,2,0,0.28,0.520,82,0,1,265,16.6,0.58,0.19,7,417.1
benign,0,0,0,0,0.20,0.300,82,0,1,154,14.9,0.44,0.12,4,117.5
benign,0,0,1,0,0.31,0.490,52,0,1,179,16.1,0.53,0.15,7,214.8
benign,0,0,2,0,0.32,0.270,71,0,1,174,34.9,0.48,0.13,6,374
benign,0,0,2,0,0.21,0.330,46,0,1,222,26.1,0.56,0.17,8,753
benign,0,0,0,0,0.23,0.350,44,0,1,176,22.4,0.38,0.13,6,144
benign,0,0,2,0,0.37,0.550,34,0,1,198,20.3,0.51,0.13,8,280.9
benign,0,0,1,1,0.36,0.340,73,0,1,131,23.7,0.36,0.13,5,135.8
benign,0,0,2,0,0.40,0.540,55,1,1,150,11.2,0.33,0.13,3,558.9
benign,0,0,2,0,0.34,0.400,74,0,1,230,19.5,0.38,0.15,4,262
benign,0,0,1,0,0.39,0.430,55,0,1,222,27.1,0.52,0.15,8,202.6
benign,0,0,2,0,0.32,0.500,55,0,1,232,39.5,0.32,0.11,7,424.9
benign,0,0,0,0,0.38,0.390,38,0,1,199,33.4,0.52,0.13,7,754
benign,0,0,2,0,0.28,0.360,56,0,0,165,19.8,0.41,0.18,8,644.6
benign,0,0,1,0,0.29,0.440,72,0,1,181,28.9,0.50,0.19,4,343.3
benign,0,0,2,0,0.40,0.420,56,0,1,167,24.8,0.54,0.08,6,216.9
benign,0,0,1,0,0.24,0.400,57,0,1,137,36.2,0.46,0.16,4,354.9
benign,0,0,4,0,0.22,0.380,61,0,1,155,26.2,0.59,0.09,8,83.8
benign,0,0,2,1,0.30,0.320,41,0,1,153,19.6,0.42,0.18,3,184.9
benign,0,0,1,0,0.33,0.530,62,0,1,199,18.4,0.54,0.16,8,327.5
benign,0,0,2,0,0.37,0.300,72,0,1,159,11.4,0.50,0.10,8,581.5
benign,0,0,2,1,0.33,0.390,79,0,1,251,33.1,0.37,0.08,4,455.1
benign,0,0,2,0,0.39,0.290,77,0,1,240,10.6,0.47,0.20,6,203.7
benign,0,0,1,0,0.23,0.260,35,0,1,260,35.1,0.58,0.20,6,228.2
benign,0,0,2,0,0.39,0.450,63,0,1,141,23.8,0.50,0.17,7,136.2
benign,0,0,2,0,0.35,0.450,67,0,1,136,14.7,0.54,0.19,5,562.5
benign,0,0,1,0,0.33,0.340,75,0,1,168,29.2,0.38,0.16,7,501.4
benign,0,0,2,0,0.40,0.420,49,0,1,239,25.3,0.33,0.13,7,595.3
benign,0,0,2,0,0.34,0.390,59,1,1,150,25.7,0.49,0.17,4,724.5
benign,0,0,2,0,0.37,0.520,53,0,0,178,14.8,0.48,0.12,6,399.9
benign,0,0,1,0,0.32,0.460,41,0,1,168,16.8,0.41,0.16,3,348
benign,0,0,2,0,0.29,0.420,66,0,1,156,33.2,0.55,0.11,7,551.1
benign,0,0,1,0,0.27,0.520,61,0,0,195,29.7,0.32,0.15,6,525
benign,0,0,4,0,0.20,0.430,70,0,1,170,15.5,0.41,0.17,7,458.2
benign,0,0,2,0,0.20,0.440,84,0,1,230,19.0,0.30,0.10,3,726.9
benign,0,0,1,0,0.23,0.330,49,0,1,252,13.7,0.45,0.16,8,255.1
benign,0,0,2,0,0.26,0.280,70,0,1,140,24.6,0.47,0.17,6,85
benign,0,0,2,0,0.21,0.310,76,0,1,134,34.2,0.58,0.09,5,214.5
benign,0,0,1,0,0.22,0.440,32,0,1,141,31.7,0.38,0.12,8,478.3
benign,0,0,2,0,0.24,0.310,32,0,1,224,13.2,0.48,0.10,7,276.8
benign,0,0,2,1,0.39,0.260,38,0,1,139,35.9,0.51,0.19,7,739
benign,0,0,1,0,0.26,0.390,47,0,1,131,24.2,0.41,0.18,3,475.3
benign,0,0,2,0,0.27,0.500,43,0,1,154,36.0,0.48,0.13,3,353.7
benign,0,0,2,0,0.38,0.400,45,0,1,228,38.1,0.35,0.12,5,301.6
benign,0,0,1,0,0.34,0.350,61,0,1,219,22.9,0.56,0.15,3,686.1
benign,0,0,2,0,0.30,0.480,67,0,1,174,29.7,0.31,0.18,7,137.7
benign,0,0,2,0,0.38,0.270,59,0,1,208,38.3,0.45,0.16,4,390.5
benign,0,0,0,0,0.20,0.280,55,0,1,157,26.7,0.37,0.13,3,164.1
benign,0,0,2,0,0.38,0.480,80,0,1,204,24.4,0.30,0.16,8,464
benign,0,0,2,0,0.25,0.450,73,0,1,238,23.6,0.49,0.19,5,295.3
benign,0,0,0,0,0.28,0.540,33,0,1,220,13.9,0.55,0.10,6,311.4
benign,0,0,2,0,0.20,0.450,36,0,0,271,26.4,0.58,0.20,4,265.8
benign,0,0,2,0,0.31,0.500,51,0,1,188,28.3,0.41,0.16,3,463.2
benign,0,0,1,0,0.36,0.480,46,0,1,278,30.8,0.46,0.20,6,329.8
benign,0,0,2,0,0.20,0.370,49,0,1,162,12.1,0.45,0.18,3,177.5
benign,0,0,0,0,0.40,0.290,83,0,0,222,20.2,0.40,0.19,5,540.6
benign,0,0,2,0,0.29,0.500,47,0,1,183,9.5,0.35,0.11,6,470.9
benign,0,0,1,0,0.32,0.340,67,0,1,192,29.2,0.56,0.18,5,418.5
benign,0,0,2,0,0.32,0.460,82,0,1,182,20.4,0.37,0.17,7,366.2
benign,0,0,2,0,0.24,0.330,41,0,1,229,13.4,0.56,0.20,5,783.3
benign,0,0,1,0,0.23,0.330,37,0,1,244,22.0,0.39,0.16,7,725.5
benign,0,0,2,0,0.23,0.470,80,0,1,206,17.8,0.37,0.09,4,427.5
benign,0,0,2,1,0.40,0.410,84,0,1,212,24.6,0.35,0.18,8,289.6
benign,0,0,1,0,0.31,0.550,69,1,1,136,24.7,0.50,0.12,3,282.9
benign,0,0,1,0,0.40,0.530,46,0,0,221,8.5,0.30,0.10,5,213.5
benign,0,0,2,0,0.39,0.340,49,0,1,180,22.2,0.52,0.20,7,773.4
benign,0,0,2,0,0.36,0.450,59,0,1,227,29.6,0.47,0.13,7,581.2
benign,0,0,0,0,0.23,0.520,61,0,1,275,35.1,0.56,0.16,5,744.4
benign,0,0,2,0,0.32,0.370,46,0,1,144,29.4,0.55,0.11,8,334.9
benign,0,0,2,0,0.21,0.290,71,0,1,150,39.8,0.52,0.19,6,282.4
benign,0,0,0,0,0.33,0.260,38,0,1,167,33.0,0.45,0.09,8,724.6
benign,0,0,2,0,0.23,0.350,54,0,1,149,13.2,0.40,0.10,8,309
benign,0,0,2,0,0.20,0.460,31,0,0,238,37.8,0.38,0.20,7,184.1
benign,0,0,2,0,0.31,0.300,69,0,1,164,25.1,0.34,0.19,7,472
benign,0,0,1,0,0.26,0.290,49,0,1,185,34.9,0.50,0.10,6,798.3
benign,0,0,0,0,0.38,0.360,38,0,1,184,13.2,0.38,0.16,4,112.8
benign,0,0,2,0,0.34,0.410,61,0,1,156,33.0,0.48,0.17,8,667
benign,0,0,1,0,0.25,0.280,35,0,1,215,32.6,0.43,0.10,3,233.4
benign,0,0,1,0,0.23,0.340,36,0,1,207,33.9,0.35,0.10,6,237.7
benign,0,0,2,0,0.31,0.440,77,0,1,226,31.7,0.36,0.13,7,797.3
benign,0,0,1,0,0.26,0.300,68,0,1,177,35.5,0.52,0.18,5,423.3
benign,0,0,2,0,0.26,0.330,37,0,1,236,36.9,0.58,0.19,8,391.8
benign,0,0,0,1,0.23,0.380,68,0,1,276,14.6,0.51,0.09,3,204.7
benign,0,0,0,0,0.39,0.280,83,0,0,234,29.5,0.50,0.10,8,233.7
benign,0,0,2,0,0.32,0.340,69,0,1,183,33.9,0.48,0.09,7,243.5
benign,0,0,1,0,0.33,0.400,74,0,1,268,35.6,0.35,0.09,7,162.5
benign,0,0,2,0,0.20,0.320,43,0,1,262,16.2,0.43,0.14,7,244.5
benign,0,0,2,0,0.31,0.490,39,0,1,198,31.9,0.52,0.12,5,246.9
benign,0,0,0,0,0.34,0.280,56,0,1,146,35.8,0.36,0.13,4,440
benign,0,0,2,0,0.33,0.420,37,0,1,236,35.8,0.34,0.20,4,362.2
benign,0,0,2,0,0.30,0.540,60,1,1,256,36.5,0.49,0.19,6,664.6
benign,0,0,1,0,0.36,0.280,55,0,1,199,24.0,0.36,0.16,7,118.3
benign,0,0,2,0,0.26,0.270,43,0,0,161,30.7,0.59,0.16,5,579.7
benign,0,0,4,0,0.23,0.290,47,0,1,208,10.3,0.54,0.15,5,361.7
benign,0,0,2,0,0.38,0.450,44,0,1,247,20.0,0.49,0.10,8,266.7
benign,0,0,2,0,0.39,0.410,41,0,1,164,26.2,0.40,0.13,6,351.6
benign,0,0,2,0,0.26,0.510,80,0,1,144,33.6,0.55,0.12,3,219.2
benign,0,0,1,0,0.31,0.480,37,0,1,256,8.1,0.51,0.13,8,194.2
benign,0,0,2,0,0.37,0.480,79,0,0,166,30.3,0.48,0.19,3,397.8
benign,1,0,0,0,0.31,0.530,41,0,1,191,36.1,0.40,0.14,3,327.4
benign,0,0,0,0,0.22,0.550,42,0,1,147,15.0,0.35,0.14,6,336.3
benign,0,0,2,0,0.36,0.440,67,0,1,166,38.3,0.56,0.17,6,221
benign,0,0,1,0,0.40,0.340,48,0,1,223,10.2,0.35,0.14,3,754.1
benign,0,0,2,0,0.27,0.530,46,0,0,145,9.7,0.31,0.16,4,683.2
benign,0,0,2,0,0.35,0.360,60,0,1,167,39.9,0.60,0.19,3,733.3
benign,0,0,0,0,0.37,0.340,64,0,1,151,32.8,0.33,0.09,5,294.3
benign,0,0,0,0,0.36,0.360,70,0,1,214,11.3,0.52,0.16,5,766.8
benign,0,0,2,0,0.38,0.310,44,0,1,186,38.3,0.44,0.10,3,337.6
benign,0,0,2,0,0.35,0.490,82,0,1,239,22.6,0.54,0.14,3,399.6
benign,0,0,2,0,0.33,0.520,65,0,1,170,22.8,0.55,0.19,7,286.5
benign,0,0,0,0,0.37,0.310,59,0,0,216,15.8,0.52,0.12,6,492.7
benign,0,0,2,0,0.39,0.520,43,0,1,185,29.7,0.38,0.13,3,478
benign,0,0,2,0,0.25,0.430,55,0,1,181,39.2,0.46,0.18,4,393.8
benign,0,0,1,0,0.40,0.310,55,1,1,233,13.8,0.47,0.18,4,658.9
benign,0,0,0,0,0.24,0.270,56,0,1,217,10.0,0.34,0.08,5,154.5
benign,0,0,2,0,0.22,0.490,49,0,1,271,19.2,0.46,0.12,5,655.8
benign,0,0,0,0,0.30,0.260,51,0,1,206,37.4,0.30,0.08,5,218.7
benign,0,0,2,0,0.22,0.520,39,0,1,202,38.7,0.45,0.09,8,457.3
benign,0,0,2,0,0.32,0.260,58,0,0,225,34.6,0.59,0.12,7,471.8
benign,0,0,1,0,0.30,0.490,33,0,1,268,24.0,0.41,0.11,6,519.4
benign,0,0,2,0,0.26,0.260,81,0,1,212,12.2,0.49,0.09,6,620.4
benign,0,0,1,0,0.32,0.300,83,0,1,249,33.2,0.50,0.17,8,110.9
benign,0,0,2,0,0.39,0.480,67,0,1,265,29.0,0.51,0.14,6,213.3
benign,0,0,2,0,0.23,0.320,75,0,1,175,19.5,0.44,0.09,4,244.4
benign,0,0,1,0,0.21,0.450,34,0,1,236,25.8,0.60,0.08,8,465
benign,0,0,2,0,0.32,0.520,73,0,1,255,23.6,0.55,0.11,5,230.6
benign,0,0,0,0,0.36,0.400,55,0,0,212,11.1,0.41,0.18,4,340.5
benign,0,0,2,0,0.39,0.440,37,0,1,255,15.3,0.53,0.15,5,452.1
benign,0,0,2,0,0.35,0.300,51,0,1,264,39.9,0.41,0.09,7,762.7
benign,0,0,0,0,0.35,0.350,52,0,1,140,37.5,0.41,0.15,3,695.7
benign,0,0,1,1,0.28,0.340,39,0,1,264,33.0,0.41,0.19,3,267.3
benign,0,0,2,0,0.30,0.440,44,0,1,187,26.5,0.46,0.17,4,162.3
benign,0,0,2,0,0.35,0.340,48,0,1,188,10.6,0.48,0.10,4,621.4
benign,0,0,2,0,0.37,0.500,58,0,0,210,33.9,0.40,0.14,5,603.8
benign,0,0,2,0,0.34,0.470,60,0,1,220,11.2,0.40,0.18,7,406.3
benign,0,0,2,0,0.33,0.270,33,0,1,206,11.4,0.60,0.14,6,720.8
benign,0,0,2,0,0.24,0.530,78,0,1,262,28.9,0.59,0.19,5,232.6
benign,0,0,2,0,0.39,0.330,67,0,1,190,38.1,0.60,0.12,8,736.6
benign,0,0,2,0,0.30,0.300,47,1,0,238,20.7,0.33,0.11,7,469.7
benign,0,0,2,0,0.35,0.450,85,0,1,166,23.2,0.34,0.19,6,745.4
benign,0,0,2,0,0.30,0.380,75,0,1,196,32.0,0.40,0.17,3,446.6
benign,0,0,2,0,0.23,0.440,69,0,1,248,31.8,0.42,0.15,6,223.3
benign,0,0,1,0,0.36,0.440,57,0,0,215,21.3,0.32,0.16,7,706.3
benign,0,0,0,0,0.34,0.370,49,0,1,152,23.8,0.38,0.12,5,508.8
benign,0,0,2,0,0.25,0.530,78,0,1,230,16.8,0.55,0.17,8,683.3
benign,0,0,2,0,0.40,0.390,51,0,1,208,34.0,0.48,0.17,5,548.8
benign,1,0,1,0,0.29,0.300,64,0,1,159,9.7,0.45,0.11,3,656.2
benign,0,0,1,0,0.39,0.510,75,0,1,139,17.1,0.45,0.08,6,711
benign,0,0,0,0,0.30,0.530,64,0,0,236,14.3,0.53,0.17,6,762.6
benign,0,0,1,0,0.29,0.420,56,0,1,188,27.2,0.38,0.20,3,147.5
benign,0,0,2,0,0.32,0.370,36,0,1,142,22.7,0.39,0.15,3,383.9
benign,0,0,1,0,0.22,0.420,69,0,1,209,16.8,0.31,0.15,5,508.7
benign,0,0,2,0,0.20,0.440,70,0,1,243,38.0,0.47,0.13,3,531.5
benign,1,0,2,0,0.20,0.370,71,0,1,274,21.6,0.54,0.16,6,350
benign,0,0,2,0,0.21,0.500,35,0,1,231,30.6,0.43,0.08,7,736.9
benign,0,0,1,0,0.33,0.340,73,0,0,209,9.0,0.59,0.17,4,269.4
benign,0,0,2,0,0.31,0.490,76,1,1,224,10.5,0.36,0.12,5,630.8
benign,0,0,4,1,0.25,0.300,82,0,1,213,33.7,0.31,0.20,4,95.3
benign,0,0,2,0,0.25,0.410,71,0,0,184,10.8,0.30,0.10,6,780.3
benign,0,0,0,0,0.29,0.390,62,0,1,171,23.7,0.41,0.17,7,101
benign,0,0,2,0,0.30,0.390,84,0,1,277,12.9,0.57,0.16,7,219
benign,0,0,2,0,0.27,0.460,81,0,1,198,20.8,0.60,0.18,7,327.5
benign,0,0,0,0,0.27,0.360,39,0,0,171,8.9,0.36,0.14,5,727
benign,0,0,1,0,0.21,0.290,32,0,1,158,30.0,0.43,0.17,3,427.5
benign,0,0,2,0,0.32,0.460,36,0,1,136,29.0,0.50,0.11,6,403.6
benign,0,0,2,0,0.22,0.270,52,0,1,232,11.1,0.41,0.18,4,187.2
benign,0,0,4,0,0.35,0.410,79,0,1,135,16.5,0.58,0.17,6,715.4
benign,0,0,2,0,0.35,0.520,46,0,1,170,35.7,0.37,0.19,5,294
benign,0,0,2,0,0.25,0.420,39,0,0,179,33.1,0.54,0.13,4,790.8
benign,0,0,1,0,0.32,0.280,68,0,1,131,16.7,0.40,0.12,6,761.5
benign,0,0,2,0,0.37,0.350,72,0,1,275,31.2,0.55,0.11,4,139.1
benign,0,0,2,0,0.40,0.430,76,0,1,165,32.9,0.50,0.18,4,208
benign,1,0,2,1,0.26,0.470,38,0,1,133,25.6,0.52,0.11,8,158.3
benign,0,0,2,1,0.37,0.490,30,0,1,267,33.7,0.56,0.15,4,769.4
benign,0,0,2,0,0.24,0.390,76,0,0,196,38.7,0.34,0.11,7,687.2
benign,0,0,2,0,0.23,0.530,69,0,1,239,10.5,0.58,0.16,6,198.7
benign,0,0,1,0,0.33,0.330,44,0,1,262,16.8,0.42,0.18,6,146.5
benign,0,0,2,0,0.38,0.330,59,0,1,176,19.0,0.39,0.11,8,281.7
benign,0,0,4,0,0.38,0.470,38,1,1,187,27.4,0.33,0.12,8,238.1
benign,0,0,2,0,0.27,0.540,85,0,1,237,35.9,0.42,0.09,6,169.2
benign,0,0,4,0,0.21,0.400,77,0,1,271,15.0,0.36,0.12,8,479.2
benign,0,0,2,0,0.33,0.470,67,0,1,250,10.8,0.45,0.18,4,288.7
benign,0,0,1,0,0.39,0.420,64,0,1,246,27.9,0.45,0.20,3,501.9
benign,0,0,2,0,0.32,0.330,54,0,1,143,39.0,0.59,0.15,5,193.3
benign,0,0,2,0,0.32,0.400,35,0,1,247,19.9,0.56,0.20,3,140.3
benign,0,0,1,0,0.34,0.450,69,0,1,153,27.0,0.42,0.16,4,598.4
benign,0,0,2,0,0.36,0.500,66,0,1,199,19.9,0.36,0.17,3,600.1
benign,0,0,2,0,0.38,0.460,34,0,1,146,34.8,0.47,0.17,5,627.4
benign,0,0,2,0,0.28,0.540,66,0,1,136,8.9,0.31,0.12,4,495.5
benign,0,0,2,0,0.28,0.330,50,0,0,175,15.0,0.41,0.10,8,728.5
benign,0,0,1,0,0.29,0.440,84,0,1,248,35.1,0.41,0.17,7,227.4
benign,0,0,2,0,0.21,0.350,35,0,1,268,9.5,0.35,0.12,6,630.8
benign,0,0,2,1,0.33,0.370,49,0,1,159,32.2,0.46,0.08,3,447.7
benign,0,0,2,0,0.30,0.540,72,0,1,136,20.2,0.40,0.12,5,305.6
benign,0,0,2,0,0.34,0.470,31,0,1,166,19.4,0.38,0.13,8,317.4
benign,0,0,1,0,0.31,0.340,59,0,1,268,32.5,0.46,0.15,5,448.8
benign,0,0,2,0,0.22,0.430,40,0,1,190,35.8,0.38,0.14,8,500.9
benign,0,0,2,0,0.35,0.290,77,0,1,132,14.1,0.53,0.08,8,774.6
benign,0,0,0,0,0.29,0.290,82,0,1,137,10.6,0.49,0.16,4,139.5
benign,0,0,2,0,0.26,0.270,81,0,1,159,38.1,0.39,0.16,3,245.1
benign,0,0,2,0,0.26,0.280,45,0,0,214,16.1,0.47,0.18,3,654.7
benign,0,0,0,0,0.33,0.480,49,0,1,160,36.7,0.33,0.11,3,135.9
benign,0,0,1,0,0.26,0.310,57,0,1,184,31.8,0.55,0.14,7,690
benign,0,0,0,0,0.26,0.510,57,0,1,195,37.9,0.54,0.10,3,292.3
benign,0,0,2,0,0.32,0.410,52,0,1,256,30.7,0.59,0.13,6,101
benign,0,0,1,0,0.37,0.390,63,0,1,186,18.0,0.41,0.11,6,259.2
benign,0,0,2,0,0.27,0.340,35,0,0,267,24.6,0.56,0.10,8,555.5
benign,0,0,4,0,0.23,0.360,77,0,1,280,31.0,0.50,0.11,5,747.5
benign,0,0,2,0,0.24,0.390,58,0,1,222,26.9,0.31,0.11,8,525.6
benign,0,0,2,0,0.37,0.420,82,0,1,210,26.4,0.34,0.17,3,466.7
benign,0,0,1,0,0.38,0.530,47,0,1,144,39.1,0.44,0.11,4,667.3
benign,0,0,2,0,0.27,0.520,66,1,1,154,15.8,0.40,0.17,5,688.8
benign,0,0,2,0,0.33,0.290,73,0,0,164,26.3,0.37,0.14,3,295.9
benign,0,0,1,0,0.26,0.550,54,0,1,146,25.9,0.50,0.16,3,732.8
benign,0,0,2,0,0.22,0.290,43,0,1,232,24.3,0.36,0.16,3,463.1
benign,0,0,0,0,0.38,0.480,81,0,1,162,13.4,0.34,0.13,5,529.4
benign,1,0,2,1,0.20,0.280,64,0,1,279,34.3,0.47,0.11,5,106.9
benign,0,0,2,0,0.23,0.320,31,0,0,194,37.0,0.31,0.15,8,135.1
benign,0,0,2,0,0.24,0.440,77,0,1,145,17.6,0.49,0.09,5,239.1
benign,0,0,0,0,0.24,0.440,63,0,1,178,39.4,0.43,0.16,6,641
benign,0,0,2,0,0.22,0.480,30,0,1,193,32.6,0.31,0.14,6,85
benign,0,0,1,0,0.28,0.420,38,0,1,180,32.6,0.51,0.08,6,153.1
benign,0,0,2,0,0.34,0.420,39,0,1,232,11.7,0.49,0.12,8,519.4
benign,0,0,2,0,0.35,0.550,57,0,1,255,24.1,0.37,0.12,4,164.8
benign,0,0,1,0,0.37,0.530,35,1,0,191,35.6,0.45,0.12,3,783.8
benign,0,0,2,0,0.25,0.420,47,0,1,181,20.1,0.42,0.16,6,762.5
benign,0,0,1,0,0.27,0.450,41,0,1,140,34.7,0.33,0.20,8,519.3
benign,0,0,2,0,0.30,0.480,30,0,0,192,34.8,0.53,0.15,3,446.9
benign,0,0,2,0,0.30,0.290,79,0,1,205,21.8,0.36,0.19,3,678.4
benign,0,0,2,1,0.34,0.380,42,0,1,130,9.7,0.32,0.12,6,739.6
benign,0,0,2,0,0.23,0.350,47,0,1,157,30.0,0.33,0.14,4,329.5
benign,0,0,1,0,0.26,0.410,75,0,1,148,10.1,0.54,0.11,7,106.7
benign,0,0,2,0,0.24,0.310,47,0,1,239,35.2,0.37,0.12,5,664.4
benign,0,0,2,0,0.31,0.370,38,0,1,208,23.3,0.51,0.18,4,87.1
benign,0,0,1,0,0.22,0.450,78,0,1,271,21.1,0.47,0.12,6,242.6
benign,0,0,2,0,0.24,0.510,56,0,1,131,25.2,0.60,0.18,4,392.2
benign,0,0,2,0,0.26,0.270,58,0,0,163,28.7,0.50,0.19,3,344.2
benign,0,0,1,0,0.24,0.440,38,0,1,212,39.1,0.48,0.19,3,263.6
benign,0,0,2,0,0.40,0.430,61,0,1,191,25.4,0.58,0.18,7,257.2
benign,0,0,2,0,0.25,0.490,64,0,1,204,39.1,0.52,0.15,3,670.6
benign,0,0,2,0,0.33,0.490,36,0,1,175,14.1,0.46,0.11,4,170.7
benign,0,0,2,0,0.37,0.470,70,0,1,196,39.8,0.33,0.17,6,462.8
benign,0,0,1,0,0.34,0.470,34,0,1,212,13.3,0.51,0.20,3,97.2
benign,0,0,2,0,0.21,0.340,76,1,1,267,25.4,0.43,0.16,5,94.3
benign,0,0,1,0,0.24,0.500,62,0,1,257,31.6,0.47,0.19,3,536.3
benign,0,0,2,0,0.38,0.320,44,0,1,280,17.6,0.35,0.13,5,581.2
benign,0,0,0,0,0.37,0.270,30,0,0,131,12.1,0.33,0.14,8,199.3
benign,0,0,2,0,0.29,0.280,41,0,1,134,34.4,0.42,0.08,5,180.8
benign,0,0,0,0,0.24,0.340,59,0,1,221,24.6,0.52,0.19,4,770.3
benign,0,0,1,0,0.20,0.380,41,0,1,228,9.2,0.53,0.16,6,544.5
benign,0,0,4,0,0.31,0.410,74,0,0,229,31.0,0.59,0.15,3,573.2
benign,0,0,0,0,0.36,0.530,49,0,1,220,27.9,0.36,0.11,6,583.4
benign,0,0,2,0,0.20,0.360,49,0,1,228,23.5,0.53,0.15,3,209.8
benign,1,0,1,1,0.34,0.460,81,0,1,267,24.1,0.44,0.16,7,440.3
benign,0,0,2,0,0.27,0.550,76,0,1,254,17.8,0.32,0.17,8,174.3
benign,0,0,1,0,0.24,0.390,77,0,1,268,36.6,0.48,0.14,4,291.9
benign,0,0,2,0,0.24,0.410,58,0,1,264,39.1,0.55,0.12,4,127.5
benign,0,0,0,0,0.25,0.510,66,0,1,170,25.0,0.40,0.12,4,278.9
benign,1,0,2,0,0.24,0.320,65,0,1,267,15.6,0.50,0.13,3,790
benign,0,0,1,0,0.36,0.380,84,0,1,214,17.2,0.58,0.17,4,584.2
benign,0,0,2,0,0.40,0.450,39,0,1,269,20.5,0.46,0.10,4,771.2
benign,0,0,0,0,0.24,0.410,56,0,1,263,14.6,0.37,0.15,3,249.8
benign,0,0,1,0,0.35,0.280,62,1,1,249,26.1,0.37,0.15,7,558.2
benign,0,0,2,0,0.27,0.420,61,0,1,169,20.5,0.49,0.13,3,321.2
benign,0,0,0,0,0.25,0.380,78,0,0,183,22.9,0.57,0.15,8,88.7
benign,0,0,2,0,0.34,0.340,50,0,1,157,10.7,0.39,0.18,3,538.6
benign,0,0,1,0,0.22,0.530,72,0,1,132,35.2,0.56,0.10,5,183.3
benign,0,0,2,0,0.39,0.310,67,0,1,243,20.8,0.33,0.19,7,240.9
benign,0,0,2,0,0.39,0.280,32,0,0,153,14.0,0.46,0.15,8,369.3
benign,0,0,0,0,0.40,0.330,56,0,1,202,17.1,0.39,0.09,4,599
benign,0,0,2,0,0.38,0.340,44,0,1,170,18.4,0.33,0.14,3,698.4
benign,1,0,2,1,0.40,0.480,75,0,1,139,32.9,0.46,0.16,4,764
benign,0,0,0,0,0.20,0.300,64,0,0,163,36.2,0.34,0.15,5,180.1
benign,0,0,2,0,0.24,0.460,30,0,1,239,23.3,0.38,0.16,6,519.9
benign,0,0,1,0,0.40,0.420,82,0,1,171,13.8,0.60,0.14,8,793.3
benign,0,0,2,0,0.38,0.440,56,0,0,213,22.2,0.56,0.08,4,512.9
benign,0,0,2,0,0.32,0.330,59,0,1,234,16.2,0.52,0.18,6,332.9
benign,0,0,2,0,0.33,0.460,73,0,1,243,19.9,0.31,0.18,5,258.4
benign,0,0,1,1,0.31,0.540,43,0,1,155,29.7,0.37,0.15,5,576.8
benign,0,0,0,0,0.31,0.270,39,0,1,170,13.8,0.42,0.18,7,348.5
benign,0,0,2,0,0.32,0.320,58,0,0,220,19.7,0.51,0.20,3,593.2
benign,0,0,1,0,0.38,0.520,81,0,1,207,15.5,0.57,0.12,8,523.3
benign,0,0,0,0,0.36,0.550,46,1,0,178,38.2,0.40,0.08,4,156.3
benign,0,0,4,0,0.24,0.390,76,0,1,249,15.0,0.38,0.17,3,321.1
benign,1,0,2,1,0.33,0.300,74,0,1,168,29.0,0.50,0.13,6,663.5
benign,1,0,1,1,0.34,0.310,76,0,0,266,36.7,0.53,0.16,7,288.8
benign,0,0,2,0,0.40,0.330,79,0,1,238,13.6,0.55,0.16,3,294.7
benign,0,0,1,0,0.21,0.470,63,1,1,161,20.8,0.58,0.17,6,681.2
survey,5,1,5,1,0.84,0.670,78,1,0,692,3.7,0.47,0.15,5,34.2
survey,4,1,5,2,0.90,0.720,72,1,1,533,1.4,0.43,0.40,6,223
survey,6,2,6,1,0.89,0.830,31,0,0,671,7.3,0.40,0.34,9,44.9
survey,4,1,6,1,0.89,0.700,53,0,0,591,1.8,0.46,0.13,11,466.7
survey,3,1,6,1,0.73,0.700,70,0,0,552,3.1,0.55,0.16,8,459.1
survey,2,1,6,2,0.73,0.620,80,1,0,660,6.0,0.50,0.11,11,419.7
survey,4,1,5,2,0.73,0.610,36,0,0,683,4.5,0.69,0.24,4,559.7
survey,5,2,5,2,0.78,0.560,49,0,0,574,2.5,0.60,0.22,8,523.8
survey,6,0,6,2,0.76,0.800,39,1,0,683,7.2,0.61,0.35,7,107
survey,7,0,6,1,0.82,0.720,117,0,0,554,1.1,0.51,0.25,7,390
survey,8,0,7,1,0.71,0.660,115,0,1,554,3.6,0.59,0.17,6,231.6
survey,5,0,7,1,0.68,0.660,81,0,0,618,2.9,0.54,0.33,9,343.5
survey,3,0,7,3,0.84,0.620,24,1,0,537,5.5,0.51,0.14,6,118.3
survey,2,0,7,1,0.62,0.620,41,0,0,616,3.6,0.47,0.32,11,295.5
survey,2,0,8,1,0.85,0.810,33,1,0,501,1.9,0.56,0.18,5,211.1
survey,2,0,6,2,0.73,0.570,119,1,0,544,4.0,0.58,0.11,4,467.8
survey,1,0,5,2,0.80,0.820,41,0,1,629,2.7,0.47,0.28,6,92.1
survey,2,0,4,1,0.90,0.620,73,0,0,643,2.7,0.45,0.20,5,33.4
survey,1,0,6,1,0.89,0.680,126,0,0,641,4.8,0.42,0.33,8,149.6
survey,1,0,7,1,0.60,0.820,51,0,0,650,4.0,0.42,0.34,11,322.9
survey,1,0,6,1,0.68,0.580,70,1,0,685,2.8,0.63,0.37,8,108.8
survey,1,0,5,1,0.84,0.670,140,0,0,674,7.5,0.52,0.34,5,56
survey,1,0,5,6,0.86,0.840,102,1,0,683,1.1,0.70,0.20,6,404.7
survey,5,2,4,1,0.77,0.600,127,0,0,550,4.0,0.52,0.12,5,555.4
survey,2,1,3,1,0.78,0.680,134,0,1,639,1.9,0.61,0.16,5,245.2
survey,2,1,3,3,0.65,0.580,107,1,0,549,6.8,0.56,0.19,9,137.9
survey,2,1,4,1,0.78,0.790,97,1,0,569,7.4,0.41,0.36,8,525.6
survey,5,1,5,3,0.80,0.600,114,1,0,573,2.5,0.63,0.28,5,324.9
survey,5,0,6,2,0.86,0.720,134,1,0,657,1.7,0.53,0.22,8,549.6
survey,2,2,7,1,0.61,0.770,65,1,0,525,6.3,0.68,0.27,11,450.1
survey,2,2,6,3,0.83,0.740,121,0,0,533,7.6,0.46,0.23,11,370.6
survey,2,1,5,1,0.69,0.610,106,1,0,532,5.4,0.55,0.38,5,273.8
survey,5,1,4,1,0.66,0.690,84,1,1,526,3.2,0.41,0.17,5,337.3
survey,5,1,6,3,0.63,0.750,132,1,0,684,2.2,0.53,0.39,9,504.8
survey,5,0,5,1,0.60,0.790,69,0,0,667,4.3,0.54,0.39,6,406.9
survey,4,1,4,1,0.72,0.600,28,1,0,502,3.5,0.62,0.39,11,442.7
survey,3,1,4,1,0.83,0.720,84,1,0,501,3.1,0.68,0.16,5,360.3
survey,2,1,3,2,0.86,0.730,103,0,0,642,1.5,0.57,0.11,9,487.5
survey,1,0,4,1,0.73,0.650,124,1,0,634,5.6,0.47,0.16,6,103.2
survey,5,1,3,1,0.63,0.590,134,1,0,500,2.2,0.56,0.21,10,364.9
survey,5,0,5,2,0.84,0.720,107,1,0,669,4.5,0.42,0.12,4,528.2
survey,5,1,4,1,0.69,0.720,94,0,1,609,4.9,0.62,0.15,6,176.1
survey,5,2,6,1,0.83,0.600,136,0,0,650,3.9,0.62,0.15,7,141.8
survey,5,2,7,1,0.78,0.820,107,0,0,530,2.6,0.65,0.34,8,596.7
survey,11,5,5,2,0.76,0.600,33,1,0,505,4.7,0.62,0.32,11,372.8
survey,5,2,4,1,0.64,0.820,23,0,1,570,3.5,0.56,0.14,6,590.1
survey,8,2,6,1,0.89,0.790,21,0,0,608,5.1,0.44,0.39,5,350.6
survey,5,0,4,2,0.84,0.850,110,1,0,527,4.1,0.65,0.11,10,574.2
survey,5,1,4,1,0.77,0.750,104,0,0,574,1.3,0.69,0.13,5,255.4
survey,3,1,3,2,0.84,0.770,106,0,0,697,2.8,0.66,0.11,9,549
survey,4,1,5,1,0.80,0.560,126,0,0,643,4.0,0.53,0.28,8,145.4
survey,5,1,5,1,0.61,0.710,40,1,0,607,6.0,0.41,0.25,4,151.5
survey,5,1,5,3,0.78,0.580,139,0,0,549,5.4,0.41,0.31,5,217.9
survey,5,1,5,1,0.87,0.800,85,0,1,539,1.1,0.51,0.18,9,507.5
survey,2,1,5,1,0.80,0.830,55,1,0,623,4.4,0.56,0.37,4,235
survey,2,1,4,3,0.77,0.570,59,0,0,697,1.3,0.57,0.13,10,545.9
survey,4,1,4,1,0.64,0.700,31,0,0,696,1.5,0.42,0.19,7,455.7
survey,2,1,4,1,0.75,0.800,122,0,1,502,5.9,0.53,0.20,6,479.7
survey,4,1,4,1,0.77,0.680,82,0,0,501,2.6,0.51,0.16,4,120
survey,2,1,4,1,0.84,0.820,20,1,0,664,2.0,0.55,0.39,4,330.9
survey,5,1,4,1,0.87,0.790,44,0,0,643,2.4,0.56,0.39,11,140.7
survey,5,1,4,2,0.90,0.720,57,1,0,657,2.5,0.67,0.29,9,304.6
survey,5,1,4,2,0.71,0.630,93,0,0,568,2.6,0.43,0.25,10,246.8
survey,5,1,4,1,0.83,0.750,71,1,0,650,1.2,0.60,0.14,7,221.2
survey,5,1,4,1,0.88,0.680,66,0,1,507,4.2,0.50,0.37,6,350.1
survey,5,1,4,1,0.69,0.800,89,0,0,677,3.7,0.65,0.19,11,408.9
survey,5,1,4,1,0.68,0.610,67,0,0,527,2.7,0.59,0.16,6,99.6
survey,6,1,3,2,0.82,0.650,99,1,1,568,1.6,0.51,0.21,10,385
survey,2,1,3,1,0.87,0.780,98,1,0,552,2.7,0.70,0.30,11,325.1
survey,2,1,4,1,0.83,0.660,65,0,0,640,4.7,0.62,0.19,10,385.5
survey,4,1,5,1,0.76,0.820,86,0,1,684,5.1,0.53,0.20,4,303.8
survey,5,1,6,1,0.63,0.750,93,0,0,648,4.5,0.47,0.33,10,437.8
survey,2,1,5,1,0.63,0.740,125,0,1,691,1.3,0.56,0.28,9,518.6
survey,2,1,5,1,0.86,0.670,67,0,0,659,5.8,0.44,0.13,6,103.9
survey,2,1,5,2,0.67,0.650,134,0,0,687,5.3,0.61,0.38,9,152.3
survey,2,1,4,1,0.66,0.790,83,0,1,522,4.7,0.49,0.12,8,273.3
survey,1,1,4,1,0.87,0.720,94,1,0,517,1.6,0.57,0.15,11,594
survey,5,1,5,1,0.62,0.610,85,1,0,667,2.7,0.66,0.23,4,255.9
survey,5,1,6,1,0.61,0.580,115,1,0,501,3.3,0.52,0.30,10,196.8
survey,2,1,7,1,0.68,0.740,121,1,0,674,3.4,0.64,0.29,10,456.2
survey,2,1,5,1,0.61,0.740,91,1,0,532,5.5,0.46,0.26,10,594.4
survey,1,1,4,1,0.64,0.610,60,0,1,684,1.5,0.62,0.31,11,164.3
survey,2,1,5,1,0.77,0.780,132,0,1,690,5.7,0.53,0.37,6,236.5
survey,1,1,6,2,0.86,0.750,60,1,1,575,1.8,0.55,0.11,6,280.7
survey,2,1,4,1,0.64,0.820,62,0,0,676,1.8,0.45,0.23,11,351.3
survey,2,1,6,1,0.69,0.830,99,1,0,566,1.8,0.60,0.27,7,367.9
survey,2,1,4,2,0.73,0.830,75,0,1,576,1.5,0.57,0.21,6,151.8
survey,2,1,6,1,0.67,0.700,60,1,1,591,1.3,0.43,0.22,10,488.6
survey,2,1,6,1,0.70,0.600,80,1,0,500,3.5,0.48,0.13,6,431.8
survey,5,0,4,1,0.64,0.840,136,1,0,644,4.6,0.69,0.19,4,224.1
survey,3,1,6,1,0.63,0.750,120,1,0,557,4.2,0.69,0.35,9,296.1
survey,4,1,7,1,0.66,0.750,71,0,0,580,2.0,0.51,0.16,11,349
survey,3,1,5,1,0.68,0.830,117,0,0,681,6.0,0.45,0.34,9,288.9
survey,3,1,4,1,0.64,0.650,86,0,0,660,3.6,0.40,0.38,7,299.7
survey,3,1,5,1,0.65,0.630,131,1,0,553,4.3,0.43,0.34,4,386.5
survey,3,1,4,1,0.82,0.840,104,1,0,596,5.6,0.69,0.15,9,90.5
survey,5,1,6,1,0.66,0.640,94,1,0,578,2.8,0.62,0.18,10,471.1
survey,5,1,7,1,0.65,0.710,92,1,1,626,3.6,0.61,0.25,5,172.3
survey,5,1,8,1,0.90,0.680,108,1,0,545,5.7,0.70,0.16,10,305.7
survey,5,2,8,1,0.77,0.770,98,0,0,570,5.0,0.50,0.26,6,504.4
survey,4,2,8,1,0.68,0.780,79,1,0,633,3.7,0.42,0.29,10,371.9
survey,4,2,8,1,0.60,0.680,131,1,0,555,5.5,0.59,0.33,6,421.3
survey,4,2,8,1,0.85,0.830,119,1,0,569,4.6,0.70,0.20,5,199.1
survey,4,2,7,2,0.60,0.750,161,0,0,660,2.2,0.65,0.28,11,236.1
survey,4,2,5,1,0.79,0.820,52,1,0,644,5.3,0.55,0.40,5,210.6
survey,5,2,6,1,0.81,0.720,177,1,0,579,5.6,0.62,0.28,5,129.8
survey,5,2,6,1,0.73,0.750,170,1,0,520,2.6,0.48,0.37,6,97.7
survey,5,1,6,1,0.68,0.570,51,1,0,562,2.0,0.54,0.15,5,319
survey,2,1,6,1,0.85,0.600,117,1,1,512,3.5,0.61,0.18,5,469.3
survey,2,1,6,2,0.80,0.730,51,1,0,517,4.5,0.61,0.23,8,552.5
survey,5,1,4,1,0.88,0.790,37,1,0,610,2.6,0.65,0.11,7,310.6
survey,5,1,3,1,0.64,0.720,166,1,0,520,5.9,0.55,0.11,10,192.6
survey,2,2,3,1,0.67,0.820,33,1,0,563,1.9,0.64,0.28,11,453.1
survey,2,2,4,1,0.86,0.640,140,1,0,628,5.6,0.60,0.18,9,149.7
survey,2,2,5,1,0.70,0.720,173,1,0,583,2.1,0.60,0.33,5,465.5
survey,2,2,6,1,0.87,0.640,128,1,0,674,3.0,0.65,0.35,5,572.6
survey,2,2,5,1,0.85,0.760,72,1,0,538,4.4,0.43,0.39,9,438.1
survey,5,2,3,1,0.76,0.750,111,1,0,615,1.6,0.66,0.11,11,468.4
survey,5,2,4,1,0.87,0.760,129,1,0,540,2.2,0.56,0.32,12,582.3
survey,5,2,3,1,0.66,0.780,112,1,0,608,2.5,0.43,0.22,18,329.8
survey,5,2,2,1,0.85,0.610,89,1,0,440,4.4,0.57,0.35,13,332.8
survey,5,1,2,1,0.84,0.830,167,1,0,442,3.8,0.42,0.32,8,224.4
survey,5,1,2,1,0.79,0.830,170,1,0,418,1.2,0.65,0.29,13,530.7
survey,5,1,3,1,0.90,0.770,160,1,1,487,5.9,0.59,0.30,15,207.2
survey,5,1,2,1,0.74,0.690,175,1,0,416,3.7,0.60,0.14,12,163.6
survey,7,1,4,1,0.89,0.620,38,1,0,424,4.9,0.68,0.11,8,95.3
survey,7,2,3,2,0.76,0.670,164,1,0,416,2.4,0.47,0.22,17,148
survey,7,2,4,1,0.74,0.630,96,1,1,429,5.1,0.51,0.29,8,194.7
survey,5,2,3,1,0.76,0.600,139,1,0,445,1.5,0.41,0.26,10,145.6
survey,7,1,4,2,0.72,0.780,118,0,0,488,3.5,0.59,0.12,8,289.7
survey,7,1,3,1,0.83,0.730,48,0,1,483,1.5,0.61,0.12,7,262.5
survey,5,1,5,1,0.66,0.840,119,0,0,416,5.5,0.64,0.28,11,154.1
survey,5,1,5,2,0.85,0.810,68,0,0,457,3.4,0.49,0.36,18,188.7
survey,5,1,5,1,0.73,0.620,75,0,0,499,5.2,0.51,0.34,8,426.9
survey,5,1,3,1,0.82,0.810,92,1,1,490,4.6,0.60,0.13,18,494.5
survey,4,1,3,2,0.70,0.810,145,1,0,457,1.8,0.49,0.19,14,181.7
survey,4,2,4,1,0.61,0.770,60,1,0,426,2.7,0.67,0.38,8,221.3
survey,4,2,3,1,0.84,0.660,51,1,0,421,5.1,0.58,0.23,13,557
survey,4,2,4,1,0.66,0.760,51,1,1,430,5.9,0.57,0.18,15,334.1
survey,4,2,4,1,0.60,0.780,57,0,0,456,4.7,0.57,0.12,10,244.1
survey,5,0,3,1,0.68,0.830,144,1,0,457,4.6,0.53,0.17,14,120
survey,5,0,5,1,0.72,0.810,33,1,0,423,4.6,0.53,0.21,15,197.3
survey,5,0,3,1,0.71,0.760,145,1,0,479,5.0,0.43,0.29,7,425.8
survey,5,0,5,1,0.66,0.670,145,1,1,475,5.0,0.62,0.24,15,464.8
survey,6,0,5,1,0.80,0.790,145,1,0,431,3.9,0.55,0.27,15,488.1
survey,6,0,3,1,0.82,0.630,143,1,0,466,2.3,0.69,0.33,9,587
survey,6,0,4,1,0.83,0.680,51,1,0,413,1.1,0.44,0.11,11,297.4
survey,6,0,4,1,0.65,0.640,108,1,0,416,1.1,0.66,0.28,12,523.5
survey,6,0,4,1,0.63,0.560,100,1,1,465,5.5,0.46,0.32,13,288.3
survey,6,0,4,1,0.88,0.830,180,1,0,433,1.2,0.41,0.22,13,307.2
survey,6,1,3,1,0.85,0.610,85,0,0,400,4.4,0.58,0.27,13,531.5
survey,6,2,3,1,0.72,0.700,50,1,0,469,3.0,0.51,0.24,8,167
survey,6,2,4,1,0.60,0.700,96,1,0,401,2.2,0.68,0.12,13,402.3
survey,5,2,5,2,0.61,0.740,77,1,1,404,2.3,0.47,0.24,9,240.5
survey,6,1,5,1,0.61,0.670,36,1,0,457,5.2,0.48,0.36,9,266.1
survey,5,1,5,1,0.62,0.720,61,1,0,493,1.3,0.66,0.11,8,580.9
survey,6,1,5,1,0.60,0.840,80,1,0,449,3.8,0.40,0.11,11,536.7
survey,5,1,6,2,0.88,0.560,75,1,0,446,4.1,0.67,0.26,11,584.8
survey,5,1,5,2,0.67,0.790,126,1,0,478,3.0,0.68,0.31,10,226.4
survey,5,1,5,1,0.87,0.730,120,1,0,444,5.8,0.60,0.12,12,377.2
survey,5,1,5,1,0.66,0.610,109,1,0,412,4.4,0.53,0.14,8,577.9
survey,1,0,2,1,0.73,0.670,68,1,0,425,3.8,0.46,0.24,14,157.3
survey,1,0,2,1,0.72,0.830,105,1,1,419,2.7,0.69,0.18,11,204.4
survey,1,0,4,1,0.74,0.790,133,1,0,412,5.0,0.46,0.20,14,304.8
survey,5,0,2,1,0.65,0.610,168,1,1,458,5.7,0.62,0.38,8,338.2
survey,1,0,2,1,0.74,0.850,35,0,0,486,3.1,0.43,0.26,13,111.6
survey,5,0,4,1,0.86,0.820,161,0,0,490,5.9,0.66,0.29,7,139.6
survey,5,1,2,1,0.87,0.680,81,0,0,478,2.5,0.47,0.28,11,474.5
survey,5,1,3,1,0.73,0.810,34,1,1,430,1.1,0.56,0.30,9,434.4
survey,2,1,2,1,0.67,0.710,96,1,0,466,2.6,0.64,0.19,9,560.9
survey,5,1,5,1,0.88,0.720,141,1,0,443,3.4,0.68,0.15,14,226.4
survey,2,1,5,1,0.80,0.700,147,1,0,497,3.0,0.40,0.31,12,519.6
survey,2,1,5,1,0.80,0.770,130,1,1,450,3.6,0.57,0.34,7,491.8
survey,2,1,6,1,0.89,0.790,74,1,0,415,3.2,0.47,0.35,13,230.5
survey,2,1,7,1,0.75,0.720,62,1,0,476,2.7,0.48,0.10,8,313.9
survey,5,1,7,1,0.86,0.790,159,1,0,440,1.5,0.55,0.35,13,298.6
survey,5,1,5,1,0.70,0.730,97,1,0,460,2.3,0.67,0.34,14,592.7
survey,5,1,4,1,0.82,0.730,35,1,0,424,5.6,0.60,0.36,14,376.3
survey,5,2,3,1,0.60,0.820,50,1,1,494,4.4,0.57,0.34,14,337.1
survey,5,2,4,1,0.61,0.560,159,1,0,459,3.6,0.58,0.14,12,546.9
survey,7,2,5,1,0.81,0.660,135,1,0,497,2.4,0.45,0.27,15,143.4
survey,5,2,4,1,0.83,0.770,164,1,0,416,5.1,0.46,0.20,9,301.7
survey,5,2,6,1,0.81,0.690,109,1,0,437,5.0,0.47,0.15,12,108.8
survey,5,2,4,1,0.89,0.570,138,1,1,474,2.9,0.60,0.21,12,426.8
survey,7,2,6,2,0.81,0.720,148,1,0,447,3.2,0.44,0.21,12,512.6
survey,5,2,4,1,0.79,0.700,161,1,0,407,1.5,0.53,0.36,15,304
survey,7,2,4,1,0.85,0.660,57,1,1,490,4.5,0.44,0.34,13,215.5
survey,7,2,3,2,0.60,0.810,113,0,0,417,5.3,0.69,0.28,9,573.8
survey,7,2,5,1,0.79,0.770,125,1,0,407,2.2,0.58,0.27,8,346.3
survey,5,1,6,1,0.74,0.630,180,1,0,440,5.9,0.60,0.29,12,367.8
survey,5,1,5,1,0.77,0.850,87,1,1,400,4.3,0.56,0.36,7,213.9
survey,5,1,4,1,0.63,0.710,54,0,0,453,4.9,0.49,0.19,7,93.6
survey,5,1,3,2,0.66,0.630,99,1,0,439,5.7,0.48,0.38,12,355.7
survey,5,1,4,1,0.64,0.660,174,1,0,434,4.4,0.62,0.15,12,361.7
survey,7,1,4,1,0.83,0.740,101,1,0,453,3.1,0.49,0.36,13,277.6
survey,7,1,5,2,0.81,0.640,147,1,0,499,5.9,0.49,0.29,13,518.9
survey,7,1,6,1,0.66,0.810,128,1,1,437,3.7,0.41,0.32,7,511.4
survey,7,1,7,2,0.77,0.660,168,1,0,408,2.2,0.46,0.19,8,539.1
survey,7,1,5,1,0.65,0.720,65,1,0,444,3.1,0.68,0.36,12,168.3
survey,5,1,4,1,0.71,0.830,85,1,0,484,3.6,0.70,0.24,12,569.1
survey,5,1,6,2,0.74,0.800,68,1,1,431,5.6,0.57,0.26,11,373.6
survey,4,1,7,1,0.85,0.800,166,0,0,403,3.3,0.50,0.36,9,382.5
survey,4,1,5,1,0.77,0.840,118,1,0,444,5.7,0.50,0.21,10,282
survey,5,1,5,1,0.61,0.560,99,1,0,441,5.0,0.67,0.12,13,475.7
survey,5,1,5,3,0.80,0.740,139,1,1,464,2.1,0.41,0.20,12,237.8
survey,4,1,5,1,0.77,0.560,113,1,0,454,3.4,0.56,0.15,11,295.9
survey,4,1,5,1,0.65,0.720,108,0,0,413,2.7,0.61,0.34,12,212.1
survey,5,1,5,3,0.68,0.750,63,1,0,402,4.9,0.43,0.31,14,524.7
survey,5,1,3,1,0.73,0.690,145,0,0,460,2.6,0.64,0.34,10,429.1
survey,5,1,4,1,0.72,0.580,117,1,0,409,5.4,0.69,0.24,13,355.1
survey,5,1,3,1,0.77,0.570,36,1,0,459,4.1,0.48,0.22,10,542.7
survey,3,1,3,3,0.77,0.710,66,1,0,447,1.5,0.44,0.37,11,287.1
survey,3,1,2,1,0.84,0.850,169,1,1,452,2.5,0.50,0.34,10,268.7
survey,3,1,2,1,0.77,0.570,73,1,0,413,4.6,0.42,0.32,13,523.1
survey,3,1,2,1,0.75,0.560,93,1,0,457,1.5,0.48,0.20,12,96.9
survey,3,1,2,3,0.71,0.620,98,1,0,486,3.8,0.52,0.38,13,129.9
survey,3,1,4,1,0.83,0.680,165,1,0,400,1.5,0.59,0.31,8,346.2
survey,3,1,5,1,0.69,0.820,68,1,0,455,3.1,0.64,0.22,15,170.8
survey,3,1,6,1,0.83,0.830,151,1,1,405,2.1,0.46,0.13,9,226.1
survey,3,1,5,1,0.64,0.780,180,1,0,428,5.7,0.49,0.32,10,524.3
survey,3,1,4,2,0.83,0.660,32,1,0,452,5.2,0.45,0.10,10,527.9
survey,3,1,6,1,0.62,0.750,85,1,0,427,3.4,0.50,0.17,13,509.5
survey,3,1,5,1,0.64,0.770,68,1,0,464,4.2,0.45,0.33,7,367
survey,3,1,4,1,0.79,0.580,143,0,0,488,4.3,0.44,0.36,9,152
survey,5,1,5,1,0.67,0.640,65,1,0,494,5.7,0.69,0.31,8,380.7
survey,5,1,4,2,0.87,0.680,178,1,1,495,1.1,0.59,0.40,14,507.4
survey,5,1,3,1,0.66,0.730,35,1,0,476,2.2,0.58,0.36,10,92.4
survey,5,1,6,2,0.66,0.740,54,0,0,444,1.1,0.44,0.28,13,132.4
survey,7,1,5,1,0.83,0.680,160,1,0,473,3.4,0.50,0.14,11,457.9
survey,7,1,5,1,0.72,0.590,171,1,0,496,4.5,0.55,0.21,9,121.7
survey,7,1,5,2,0.79,0.740,172,1,0,402,4.7,0.63,0.33,10,525.8
survey,5,1,5,1,0.65,0.710,67,1,0,454,2.0,0.66,0.25,8,308.3
survey,4,1,5,2,0.83,0.590,91,1,1,406,5.7,0.44,0.32,10,212.8
survey,3,1,5,1,0.82,0.570,41,1,0,415,5.0,0.69,0.36,12,590.1
survey,2,1,3,1,0.75,0.670,153,0,0,497,1.5,0.64,0.10,11,332.6
survey,7,1,5,1,0.61,0.650,149,1,0,443,1.7,0.43,0.18,13,408.4
survey,7,1,6,2,0.72,0.580,111,1,1,452,5.5,0.48,0.25,9,378.6
survey,7,1,7,1,0.85,0.580,96,1,0,407,2.0,0.62,0.11,8,149.7
survey,5,1,8,1,0.84,0.850,38,1,0,464,4.0,0.63,0.14,15,360.4
survey,5,1,5,2,0.67,0.840,65,1,0,493,4.4,0.66,0.19,7,227.6
survey,1,0,8,2,0.84,0.830,179,1,0,499,3.9,0.64,0.15,15,598.4
survey,1,0,8,1,0.75,0.620,124,1,1,426,1.5,0.47,0.32,13,423.5
survey,1,0,8,2,0.84,0.710,95,1,0,417,4.7,0.62,0.20,7,96.4
survey,1,0,6,1,0.81,0.690,71,0,0,428,2.9,0.69,0.13,12,119.3
survey,1,0,5,2,0.71,0.660,133,1,1,408,5.2,0.41,0.27,13,162.8
survey,1,0,6,1,0.80,0.710,160,1,0,431,2.0,0.43,0.12,12,580.1
survey,3,2,5,2,0.80,0.630,41,1,0,478,4.8,0.48,0.36,8,116.8
survey,3,2,7,1,0.85,0.560,73,0,0,490,4.7,0.59,0.39,14,384.3
survey,3,1,5,1,0.66,0.740,69,1,0,456,4.4,0.70,0.35,7,215.6
survey,3,1,7,1,0.77,0.730,175,1,1,426,2.7,0.64,0.21,7,431.1
survey,3,1,8,2,0.69,0.850,39,1,0,458,4.3,0.69,0.12,10,328.9
survey,3,1,6,1,0.79,0.670,169,1,0,754,4.5,0.54,0.40,10,351.6
survey,3,1,5,1,0.64,0.790,172,1,1,750,2.9,0.43,0.28,9,323.9
survey,4,1,6,1,0.82,0.830,66,1,0,757,2.2,0.63,0.37,10,248.6
survey,4,1,5,1,0.80,0.690,69,1,1,776,5.5,0.65,0.12,11,442.3
survey,4,1,4,1,0.70,0.560,39,1,0,708,5.3,0.68,0.33,15,499.6
survey,5,2,6,1,0.61,0.640,157,0,0,708,2.3,0.45,0.11,7,257.8
survey,5,2,4,2,0.87,0.570,49,1,0,797,3.2,0.58,0.32,14,230.9
survey,4,2,6,1,0.63,0.560,53,1,0,770,5.3,0.64,0.13,13,442.8
survey,4,2,4,1,0.60,0.770,149,1,1,825,1.5,0.59,0.23,9,584.5
survey,4,2,4,1,0.79,0.830,103,0,0,828,3.9,0.44,0.34,7,534.7
survey,4,2,6,2,0.88,0.660,63,1,0,707,3.8,0.68,0.39,8,432
survey,4,2,7,1,0.80,0.620,45,0,0,761,4.0,0.66,0.30,10,592.4
survey,4,2,5,1,0.69,0.730,67,1,0,833,5.7,0.59,0.27,12,165.3
survey,6,2,7,1,0.76,0.590,97,1,0,740,4.0,0.54,0.25,10,384.5
survey,6,1,7,1,0.87,0.610,81,1,0,723,4.9,0.62,0.24,9,447.8
survey,6,2,8,2,0.72,0.800,108,0,1,706,4.7,0.54,0.26,12,393.1
survey,6,2,6,2,0.86,0.690,88,1,0,725,3.1,0.51,0.15,9,242.8
survey,6,2,5,1,0.76,0.730,84,1,1,786,4.8,0.47,0.34,10,419.8
survey,6,1,4,2,0.82,0.810,90,1,0,850,5.6,0.69,0.13,11,276.5
survey,6,1,5,2,0.70,0.570,50,0,0,812,4.7,0.52,0.21,13,154.6
survey,6,2,6,1,0.81,0.650,94,1,1,838,2.7,0.69,0.39,8,460.9
survey,7,2,7,1,0.60,0.570,96,1,0,731,3.8,0.68,0.13,12,368
survey,7,2,5,1,0.61,0.690,52,1,1,740,5.0,0.63,0.15,8,367.5
survey,7,2,4,1,0.74,0.800,90,0,0,790,1.4,0.65,0.30,10,463.6
survey,8,2,5,2,0.78,0.790,91,1,0,848,3.3,0.57,0.13,15,228.1
survey,8,2,6,1,0.86,0.640,58,0,0,800,5.9,0.51,0.17,13,445.1
survey,8,3,7,1,0.89,0.830,98,1,0,795,1.1,0.53,0.37,7,138.9
survey,8,2,5,2,0.79,0.580,63,1,0,793,3.7,0.66,0.28,9,491.3
survey,8,3,4,1,0.61,0.810,106,0,1,824,4.4,0.44,0.26,11,355.5
survey,9,2,6,1,0.74,0.710,80,1,0,717,3.3,0.58,0.11,14,479.7
survey,9,3,7,2,0.70,0.760,92,1,1,730,4.7,0.57,0.10,8,177.4
survey,4,2,5,1,0.89,0.610,71,0,0,705,5.8,0.52,0.21,8,387
survey,4,2,2,2,0.73,0.770,96,1,0,806,1.5,0.41,0.39,11,577.4
survey,3,2,2,1,0.87,0.730,88,1,0,803,3.9,0.69,0.20,10,349.7
survey,2,2,2,1,0.74,0.780,96,1,1,747,4.4,0.69,0.24,12,481.7
survey,4,2,2,1,0.67,0.810,84,0,0,809,1.6,0.59,0.20,15,188.1
survey,5,2,2,2,0.63,0.580,76,1,0,812,5.3,0.55,0.29,8,177.5
survey,3,2,2,1,0.65,0.710,57,1,0,820,4.4,0.44,0.16,12,420.7
survey,6,2,2,1,0.78,0.690,94,1,1,778,2.7,0.54,0.35,15,343.1
survey,7,2,2,2,0.79,0.670,93,1,0,722,5.3,0.52,0.13,11,564.1
survey,5,2,1,1,0.73,0.690,107,1,1,717,3.9,0.65,0.15,15,223.9
survey,3,2,2,2,0.84,0.760,79,1,0,834,3.7,0.62,0.27,15,341.8
survey,5,2,2,1,0.85,0.720,76,0,0,798,4.5,0.51,0.28,13,412
survey,6,2,2,2,0.66,0.610,105,1,0,814,1.7,0.49,0.13,9,346
survey,7,2,6,1,0.83,0.670,51,1,0,738,4.9,0.51,0.25,9,592.1
survey,5,2,1,2,0.76,0.820,84,1,0,784,5.5,0.69,0.20,11,295.3
survey,4,2,5,1,0.65,0.850,103,1,1,789,2.6,0.69,0.37,8,492.5
survey,1,0,4,3,0.63,0.630,55,0,0,727,2.3,0.47,0.11,14,118.7
survey,2,2,5,1,0.82,0.610,83,1,0,813,5.4,0.66,0.10,9,364.7
survey,3,2,4,1,0.60,0.720,56,1,1,766,3.9,0.54,0.33,13,207.8
survey,2,2,2,1,0.85,0.580,68,0,0,820,3.1,0.51,0.17,10,592.9
survey,4,2,4,1,0.77,0.640,75,1,0,795,1.5,0.43,0.10,9,488.4
survey,5,2,2,1,0.63,0.590,74,1,0,819,4.7,0.53,0.34,15,441.4
survey,3,2,2,3,0.80,0.700,63,1,0,737,4.8,0.66,0.10,11,116.6
survey,2,2,2,1,0.66,0.590,51,1,0,781,5.3,0.51,0.20,8,300.2
survey,6,2,1,1,0.90,0.810,77,0,1,781,5.2,0.48,0.31,14,418.2
survey,7,2,2,1,0.88,0.680,80,1,0,790,1.9,0.70,0.33,15,322.8
survey,5,2,2,1,0.60,0.750,70,1,0,815,4.9,0.40,0.19,12,279.9
survey,4,2,2,1,0.62,0.600,94,0,0,838,4.0,0.58,0.37,10,591.5
survey,3,2,2,4,0.67,0.590,84,1,0,838,5.6,0.61,0.35,14,155.8
survey,6,2,2,1,0.87,0.810,109,1,0,779,4.6,0.62,0.18,9,503.9
survey,4,2,4,1,0.87,0.830,103,1,1,739,2.3,0.49,0.39,12,578.3
survey,7,2,5,3,0.85,0.740,95,1,0,749,3.9,0.53,0.29,9,409.2
survey,6,2,5,1,0.62,0.690,70,1,0,805,5.9,0.47,0.11,9,380.9
survey,4,2,5,1,0.77,0.710,58,0,0,796,5.2,0.57,0.33,10,416.1
survey,5,1,5,1,0.76,0.620,81,1,0,754,1.4,0.46,0.11,13,178
survey,5,1,5,4,0.67,0.840,67,1,1,736,4.5,0.67,0.28,11,235.6
survey,4,1,5,1,0.73,0.710,51,1,0,747,3.5,0.55,0.33,12,475.3
survey,3,1,4,1,0.76,0.830,109,1,0,820,4.8,0.62,0.31,7,463.3
survey,3,1,4,2,0.77,0.780,73,0,0,752,1.2,0.52,0.24,13,305.9
survey,2,1,6,1,0.80,0.590,54,1,0,734,4.9,0.42,0.32,7,528.6
survey,1,0,7,1,0.84,0.720,92,1,0,801,5.2,0.59,0.19,9,107.3
survey,2,0,5,1,0.72,0.840,53,1,0,718,5.5,0.50,0.11,12,463.9
survey,1,0,4,4,0.60,0.780,101,0,0,818,3.9,0.66,0.28,15,545.9
survey,1,0,3,1,0.66,0.660,87,1,1,770,5.8,0.59,0.20,10,399.8
survey,1,0,2,1,0.90,0.760,90,1,0,706,4.7,0.48,0.22,14,121.5
survey,3,2,4,1,0.89,0.580,80,1,0,819,2.9,0.54,0.17,14,476.7
survey,2,2,3,1,0.66,0.690,64,0,1,804,4.0,0.62,0.28,13,228.4
survey,1,0,3,4,0.60,0.680,98,1,1,819,4.8,0.58,0.26,11,137.2
survey,2,2,5,1,0.67,0.830,72,1,0,631,4.1,0.56,0.37,14,428.5
survey,1,0,2,3,0.87,0.730,81,0,0,649,4.5,0.60,0.23,13,539.1
survey,2,2,2,1,0.86,0.650,79,1,0,629,4.8,0.57,0.36,9,381.6
survey,4,2,2,1,0.84,0.650,66,1,1,575,5.2,0.50,0.30,13,298.7
survey,3,2,3,4,0.81,0.750,60,1,0,589,4.2,0.46,0.38,8,101.6
survey,4,2,6,1,0.78,0.810,68,1,0,545,3.7,0.59,0.24,11,499.6
survey,5,1,2,1,0.80,0.670,72,0,0,634,1.7,0.69,0.23,12,336.4
survey,4,1,2,2,0.61,0.690,51,1,1,545,3.7,0.62,0.17,14,209.4
survey,3,1,5,1,0.89,0.830,88,1,0,610,3.9,0.43,0.31,7,376.2
survey,2,1,2,2,0.81,0.590,86,1,0,558,4.4,0.68,0.23,13,500.7
survey,3,1,2,5,0.89,0.700,93,1,1,648,3.2,0.58,0.21,15,538.4
survey,4,1,3,1,0.81,0.690,66,0,1,569,3.9,0.41,0.35,14,220.9
survey,2,0,6,1,0.78,0.800,62,1,0,633,3.0,0.52,0.26,9,306.3
survey,3,0,7,1,0.83,0.710,72,1,0,653,4.6,0.46,0.16,15,340.9
survey,4,0,8,1,0.79,0.820,104,1,1,545,1.7,0.60,0.38,15,233.5
survey,6,1,5,3,0.86,0.720,95,0,0,608,2.8,0.69,0.18,9,426.1
survey,8,1,5,1,0.88,0.740,105,1,0,601,1.3,0.52,0.20,10,311.5
survey,5,2,4,1,0.82,0.750,57,1,0,642,4.0,0.40,0.28,8,582.3
survey,3,0,3,1,0.73,0.570,169,1,1,546,5.8,0.45,0.33,13,129.7
survey,2,0,5,1,0.65,0.560,210,0,0,622,1.6,0.59,0.35,9,407.4
survey,5,1,3,4,0.71,0.580,265,1,0,679,3.0,0.41,0.40,7,474.5
survey,3,2,4,1,0.80,0.790,234,1,0,617,1.2,0.49,0.27,12,490
survey,2,2,6,1,0.84,0.850,204,1,1,635,2.6,0.61,0.28,9,224
survey,4,1,4,1,0.86,0.650,251,0,0,577,4.6,0.53,0.38,9,232.7
survey,5,1,3,3,0.80,0.680,222,1,0,680,2.9,0.57,0.27,9,221.5
survey,3,2,7,1,0.85,0.630,255,1,1,544,5.0,0.63,0.29,14,333.7
survey,5,1,3,2,0.75,0.630,230,0,0,579,1.2,0.51,0.19,15,240.6
survey,3,2,4,1,0.79,0.600,41,1,0,612,3.6,0.64,0.32,11,164
survey,5,1,3,3,0.85,0.570,89,1,0,627,5.6,0.58,0.38,13,497.6
survey,2,1,4,1,0.76,0.560,96,1,1,545,3.9,0.68,0.12,11,316.6
survey,1,0,6,1,0.61,0.590,74,1,0,543,4.1,0.52,0.24,12,315
survey,0,0,4,1,0.68,0.830,70,0,0,600,5.8,0.55,0.32,12,503
survey,6,2,6,3,0.79,0.690,99,1,1,676,3.2,0.52,0.20,8,157.6
survey,5,2,4,2,0.81,0.840,100,1,0,558,5.9,0.67,0.29,11,486.6
survey,3,2,3,1,0.63,0.740,73,1,1,591,2.2,0.63,0.23,10,404.2
survey,2,1,6,1,0.68,0.840,46,0,0,630,4.1,0.47,0.31,13,405.2
survey,5,2,7,3,0.86,0.730,75,1,0,582,2.9,0.46,0.33,9,216.9
survey,2,0,5,1,0.77,0.760,93,1,0,647,2.7,0.62,0.21,12,568.3
survey,2,2,5,4,0.64,0.720,87,0,1,659,5.2,0.45,0.14,10,253.1
survey,1,0,5,1,0.87,0.800,104,1,0,563,3.2,0.48,0.27,10,144.2
survey,1,0,5,3,0.72,0.750,61,1,0,558,4.0,0.58,0.40,12,227.4
survey,1,0,2,1,0.67,0.810,71,1,0,625,1.3,0.69,0.33,8,197.9
survey,1,0,3,1,0.80,0.830,101,1,1,627,4.8,0.69,0.25,7,459.2
survey,1,0,4,4,0.90,0.780,70,1,0,586,4.7,0.46,0.39,14,204.1
survey,2,1,5,1,0.65,0.840,63,0,0,585,1.4,0.63,0.21,12,525.3
survey,3,2,3,1,0.86,0.720,40,1,0,632,2.2,0.66,0.28,12,390.8
survey,2,1,6,3,0.73,0.790,58,1,1,545,3.4,0.49,0.21,11,269.7
survey,1,0,4,1,0.70,0.820,92,1,0,630,5.4,0.68,0.19,11,467.6
survey,3,0,3,1,0.81,0.630,86,0,0,668,4.6,0.58,0.24,9,230.2
survey,2,1,6,2,0.62,0.710,98,1,0,567,4.5,0.45,0.28,8,106.1
survey,2,0,5,1,0.81,0.580,58,1,1,648,2.9,0.51,0.24,8,133.7
survey,2,0,5,1,0.86,0.820,98,1,0,661,2.6,0.50,0.29,9,491.9
survey,2,0,5,2,0.65,0.740,52,1,1,573,2.9,0.52,0.12,12,571.3
survey,3,1,6,1,0.75,0.830,40,1,1,598,3.8,0.43,0.36,10,134
survey,5,1,2,2,0.75,0.630,102,1,0,605,1.4,0.45,0.31,15,297.9
survey,3,1,2,1,0.70,0.570,105,1,0,610,4.2,0.42,0.31,12,186.2
survey,2,0,3,1,0.64,0.700,50,0,0,561,5.8,0.62,0.37,11,173.9
survey,3,1,2,3,0.61,0.570,98,1,1,552,3.9,0.64,0.36,13,338
survey,3,1,2,1,0.86,0.690,78,1,0,574,3.7,0.48,0.12,10,555.6
survey,2,0,2,1,0.65,0.660,67,1,0,589,2.2,0.68,0.31,13,125.4
survey,3,0,2,2,0.73,0.840,97,0,0,561,4.2,0.62,0.28,10,271.2
survey,2,0,2,1,0.73,0.570,79,1,1,655,2.3,0.63,0.18,11,420.9
survey,3,1,3,2,0.69,0.650,71,1,0,566,4.3,0.67,0.34,10,141.6
survey,2,0,3,1,0.67,0.660,109,1,0,591,4.3,0.51,0.24,10,237.4
survey,4,1,5,1,0.69,0.700,60,0,1,646,3.3,0.63,0.27,15,485.9
survey,3,1,6,2,0.64,0.820,69,1,0,544,5.9,0.64,0.39,11,587
survey,3,1,7,1,0.66,0.590,43,1,0,636,5.4,0.62,0.36,15,289.1
survey,3,1,5,2,0.81,0.740,110,1,0,576,5.1,0.48,0.21,13,271.6
survey,3,1,5,1,0.73,0.730,84,1,1,665,5.5,0.59,0.26,12,123.3
survey,3,1,5,2,0.78,0.630,71,1,0,665,2.5,0.58,0.11,10,328.2
survey,5,2,2,1,0.68,0.570,104,1,0,612,1.9,0.51,0.24,9,143.6
survey,5,2,2,1,0.72,0.590,68,0,1,672,4.1,0.42,0.31,9,527.4
survey,4,1,2,2,0.81,0.680,41,1,0,665,4.4,0.52,0.22,12,352.9
survey,4,1,2,1,0.76,0.580,47,1,1,608,3.8,0.43,0.16,10,327.1
survey,4,2,2,1,0.76,0.750,78,0,0,645,4.7,0.69,0.34,15,554.2
survey,4,2,2,1,0.76,0.670,76,1,0,635,6.0,0.59,0.32,8,542.8
survey,4,2,2,3,0.66,0.660,59,1,0,582,4.3,0.51,0.26,10,134.6
survey,4,1,3,1,0.85,0.580,88,1,1,650,6.0,0.69,0.16,10,201.7
survey,4,2,3,1,0.67,0.720,110,1,0,636,2.6,0.51,0.24,13,499.6
survey,4,1,3,5,0.88,0.590,60,1,0,588,2.3,0.59,0.31,13,400.8
survey,5,1,3,1,0.65,0.820,73,0,0,672,4.6,0.52,0.14,12,397.1
survey,6,1,4,3,0.68,0.570,53,1,0,620,5.3,0.55,0.39,8,415.1
survey,8,2,4,1,0.86,0.640,40,1,0,636,4.0,0.40,0.30,10,242.6
survey,8,2,4,1,0.88,0.790,42,0,0,657,1.9,0.70,0.35,12,536
survey,8,2,5,1,0.74,0.850,59,1,1,629,2.0,0.65,0.33,9,308.5
survey,5,1,5,2,0.66,0.800,71,1,0,640,5.3,0.56,0.16,14,479.1
survey,4,1,5,1,0.81,0.820,72,1,0,568,1.2,0.61,0.13,11,549.3
survey,3,1,5,1,0.69,0.620,77,1,0,671,2.6,0.66,0.10,7,486.9
survey,2,2,5,1,0.73,0.810,52,0,1,603,3.1,0.63,0.18,10,216.4
survey,3,1,3,3,0.88,0.790,87,1,0,623,5.5,0.46,0.27,8,323.8
survey,2,0,3,1,0.73,0.700,54,1,1,571,2.2,0.46,0.25,8,231.8
survey,2,0,3,4,0.88,0.680,66,1,0,609,3.3,0.61,0.35,8,155.8
survey,2,0,3,1,0.70,0.760,102,0,1,644,4.7,0.66,0.16,14,169.3
survey,3,1,3,2,0.61,0.740,74,1,0,593,3.0,0.40,0.39,15,258.7
survey,4,1,3,1,0.85,0.710,53,1,1,551,2.2,0.66,0.29,11,525.8
survey,2,1,3,1,0.66,0.730,78,1,0,649,1.9,0.59,0.37,8,130.9
survey,2,1,5,2,0.74,0.630,85,1,0,642,1.2,0.41,0.16,9,314.7
survey,2,1,2,1,0.71,0.780,43,1,1,584,3.3,0.44,0.26,11,160.9
survey,4,1,2,1,0.79,0.620,61,0,0,656,1.7,0.66,0.16,11,416.6
survey,2,1,2,1,0.80,0.790,46,1,1,563,4.2,0.60,0.27,9,388.2
survey,2,0,5,2,0.65,0.740,85,1,0,610,1.4,0.66,0.32,7,537.7
survey,4,1,3,1,0.76,0.750,92,0,0,628,1.6,0.66,0.34,11,502
survey,2,0,3,1,0.75,0.850,59,1,0,616,5.8,0.64,0.12,11,210.4
survey,2,0,4,2,0.83,0.790,92,1,0,592,1.5,0.53,0.21,14,556.9
survey,2,1,4,1,0.60,0.800,49,1,1,658,1.3,0.68,0.34,8,222
survey,2,1,4,1,0.74,0.750,49,1,1,572,4.4,0.52,0.21,8,443
survey,3,1,4,4,0.68,0.760,78,0,0,576,3.8,0.52,0.11,10,544.2
survey,2,1,5,1,0.71,0.850,31,1,0,581,5.3,0.55,0.25,14,200.8
survey,2,1,5,1,0.62,0.850,57,1,0,640,2.7,0.51,0.39,7,186.5
survey,2,1,7,2,0.84,0.830,32,1,0,585,3.5,0.70,0.32,7,563.3
survey,4,2,7,1,0.73,0.670,76,1,1,665,5.6,0.56,0.16,10,289
survey,4,1,7,1,0.60,0.810,26,0,0,602,2.0,0.61,0.11,13,575.8
survey,2,1,7,2,0.72,0.680,44,1,0,568,2.6,0.47,0.18,8,545.9
survey,2,1,5,1,0.84,0.720,28,1,1,628,3.1,0.51,0.16,13,364.6
survey,2,1,5,1,0.63,0.590,62,1,0,543,2.0,0.61,0.33,10,257.1
survey,3,1,4,1,0.60,0.730,34,1,1,660,2.0,0.44,0.23,7,161.4
survey,2,1,4,2,0.72,0.800,28,1,0,597,2.9,0.46,0.19,8,536.7
survey,2,1,5,2,0.61,0.580,58,0,1,642,3.4,0.49,0.25,10,329.2
survey,2,1,5,1,0.86,0.770,75,1,0,627,5.5,0.57,0.31,7,92.4
survey,3,1,6,2,0.81,0.840,47,1,1,646,5.9,0.63,0.22,10,339.7
survey,2,1,6,1,0.71,0.680,73,0,0,680,3.2,0.53,0.12,11,501.2
survey,2,1,6,3,0.82,0.600,42,1,0,560,3.6,0.43,0.36,11,534.7
survey,4,1,5,1,0.85,0.820,46,1,1,573,2.5,0.69,0.37,11,505
survey,2,1,4,1,0.82,0.760,36,1,0,552,6.0,0.60,0.35,9,545.3
survey,2,1,4,2,0.62,0.810,57,1,0,578,4.7,0.48,0.26,14,569
survey,2,1,5,2,0.86,0.670,30,1,0,651,2.3,0.56,0.13,8,486.2
survey,2,1,5,1,0.69,0.640,63,1,1,547,4.8,0.41,0.28,9,319.5
survey,4,1,5,1,0.86,0.590,38,0,0,601,2.0,0.61,0.18,6,211.2
survey,5,1,5,3,0.90,0.810,43,1,0,680,1.9,0.64,0.24,9,441.2
survey,3,1,5,1,0.85,0.660,35,1,0,677,3.6,0.70,0.17,15,467.8
survey,3,1,6,1,0.76,0.640,59,1,1,659,5.0,0.55,0.33,15,455.8
survey,5,1,6,3,0.72,0.730,77,1,0,564,2.1,0.68,0.18,7,188.1
survey,3,1,4,1,0.78,0.700,61,1,0,632,2.0,0.51,0.21,7,463.8
survey,2,1,3,4,0.80,0.810,39,0,1,564,1.1,0.51,0.25,12,194.6
survey,4,1,5,1,0.62,0.670,66,1,0,670,5.7,0.45,0.31,17,94.4
survey,3,1,6,1,0.87,0.740,59,1,1,560,3.8,0.45,0.12,10,303.8
survey,2,1,6,1,0.62,0.760,34,1,0,648,4.1,0.66,0.35,7,175
survey,3,1,5,1,0.87,0.750,72,1,1,565,5.0,0.44,0.40,11,116.2
survey,4,1,4,2,0.88,0.610,35,1,0,589,4.0,0.46,0.35,15,480.4
survey,3,1,5,5,0.71,0.750,73,1,1,564,5.9,0.45,0.33,12,430.3
survey,3,1,6,1,0.69,0.570,64,1,0,594,2.8,0.52,0.12,7,481.7
survey,2,1,6,1,0.67,0.630,75,0,0,668,5.8,0.50,0.22,11,241.8
survey,4,0,4,3,0.84,0.680,38,1,0,654,3.7,0.70,0.23,10,268.6
survey,5,0,4,1,0.63,0.640,61,1,1,547,3.1,0.59,0.16,15,258.2
survey,3,0,5,2,0.79,0.740,67,1,0,559,5.0,0.67,0.25,18,297.5
survey,3,0,5,1,0.74,0.560,68,1,1,618,3.3,0.42,0.37,17,575.2
survey,3,0,5,1,0.89,0.580,49,0,0,592,3.3,0.55,0.19,8,497.3
survey,4,1,4,2,0.89,0.620,76,1,1,612,5.6,0.64,0.21,15,264.4
survey,5,1,4,1,0.82,0.680,65,1,0,575,4.9,0.62,0.37,18,591.7
survey,3,1,4,1,0.64,0.610,51,0,0,544,5.5,0.51,0.22,18,497.6
survey,2,1,6,3,0.60,0.810,72,1,1,383,4.1,0.54,0.23,12,534.7
survey,4,1,6,1,0.67,0.630,56,1,0,456,3.3,0.45,0.23,17,473.4
survey,4,0,4,1,0.78,0.670,33,1,0,391,3.0,0.65,0.22,10,122.2
survey,3,1,4,4,0.80,0.680,30,1,0,325,4.1,0.67,0.25,15,243.1
survey,5,1,3,3,0.75,0.560,31,1,1,516,4.8,0.46,0.34,12,426.8
survey,3,1,3,1,0.61,0.830,77,0,0,525,2.5,0.50,0.20,18,546
survey,3,1,5,3,0.80,0.600,62,1,1,319,4.5,0.41,0.21,8,363.5
survey,4,1,5,1,0.64,0.760,22,1,0,443,1.3,0.52,0.31,15,510.5
survey,5,1,5,2,0.79,0.820,34,1,0,397,1.5,0.68,0.38,7,479.3
survey,5,1,5,3,0.64,0.590,72,1,1,389,5.8,0.53,0.40,18,534.1
survey,5,1,5,1,0.86,0.660,37,1,0,457,3.9,0.42,0.18,18,209.8
survey,3,1,5,3,0.64,0.800,85,1,1,557,3.5,0.60,0.39,9,183
survey,3,1,5,1,0.90,0.800,87,0,0,421,1.7,0.60,0.16,16,455.1
survey,2,1,6,3,0.76,0.840,90,1,0,327,4.5,0.61,0.17,14,575.1
survey,2,1,6,1,0.60,0.670,89,1,0,431,2.0,0.47,0.24,10,297.9
survey,4,1,7,3,0.74,0.620,81,1,0,467,1.7,0.56,0.36,16,482
survey,3,1,7,1,0.83,0.750,102,1,1,323,3.6,0.43,0.24,14,554.7
survey,3,1,5,3,0.70,0.580,93,1,0,423,2.2,0.54,0.19,9,388
survey,3,1,5,1,0.61,0.850,104,0,0,443,2.3,0.43,0.16,16,274.7
survey,4,1,5,1,0.67,0.730,98,1,0,469,5.4,0.67,0.33,10,433.1
survey,3,1,4,3,0.73,0.740,87,1,1,555,6.0,0.65,0.39,11,464.3
survey,4,1,4,2,0.80,0.660,86,1,0,512,5.8,0.51,0.25,13,574.1
survey,4,1,4,1,0.77,0.740,94,1,0,330,3.4,0.68,0.15,10,284.9
survey,5,1,4,3,0.83,0.700,85,1,0,538,3.8,0.44,0.11,16,493
survey,5,1,6,1,0.73,0.830,103,1,0,300,3.5,0.67,0.23,16,92.7
survey,4,1,6,1,0.90,0.730,90,0,0,502,3.7,0.49,0.14,15,268.9
survey,5,1,7,2,0.80,0.610,99,1,0,319,1.9,0.50,0.17,17,209.6
survey,5,1,7,1,0.68,0.750,82,1,1,393,3.9,0.58,0.22,11,247.6
survey,3,1,5,1,0.77,0.830,95,0,0,329,2.0,0.43,0.25,16,152
survey,3,1,4,3,0.88,0.710,92,1,0,427,4.0,0.63,0.36,10,253.1
survey,3,1,6,1,0.65,0.620,84,1,0,410,3.9,0.48,0.11,7,189.1
survey,3,1,6,1,0.82,0.790,106,1,1,323,3.0,0.48,0.15,7,574.4
survey,3,1,5,4,0.86,0.690,83,0,0,473,4.0,0.57,0.13,15,326.1
survey,3,1,5,1,0.82,0.840,105,1,0,322,5.8,0.44,0.19,12,585
survey,3,1,5,3,0.60,0.810,98,1,0,449,3.4,0.69,0.33,10,365.6
survey,5,1,5,1,0.73,0.730,82,0,0,383,6.0,0.65,0.28,14,589.1
survey,6,1,5,1,0.87,0.790,109,1,0,396,3.4,0.59,0.11,16,472.8
survey,7,1,5,2,0.66,0.690,83,1,1,378,5.6,0.42,0.33,12,104
survey,5,1,5,1,0.67,0.750,84,1,0,505,3.8,0.67,0.39,7,547.4
survey,7,1,6,5,0.60,0.570,101,0,0,433,4.8,0.55,0.29,10,261.3
survey,7,2,6,1,0.72,0.820,105,1,0,544,1.7,0.67,0.23,10,104.4
survey,7,2,6,3,0.76,0.730,104,1,0,448,4.1,0.65,0.16,14,572.9
survey,5,1,6,1,0.66,0.660,95,1,0,378,1.6,0.50,0.13,14,411.4
survey,4,1,6,3,0.88,0.770,104,0,1,381,1.9,0.63,0.13,10,180.8
survey,5,1,5,2,0.63,0.620,104,1,0,348,2.1,0.68,0.28,7,530
survey,5,1,5,1,0.64,0.850,88,1,0,372,3.2,0.52,0.29,17,460.2
survey,2,1,5,1,0.69,0.560,84,1,0,420,2.4,0.64,0.34,17,473.4
survey,2,1,6,2,0.73,0.650,110,1,1,371,2.1,0.52,0.29,15,477.1
survey,2,1,4,1,0.81,0.790,104,0,0,401,5.1,0.44,0.13,8,175.9
survey,2,1,4,3,0.63,0.810,96,1,0,383,1.9,0.69,0.31,12,251.8
survey,2,1,4,1,0.79,0.640,109,1,0,482,4.8,0.67,0.37,9,304.7
survey,2,1,4,2,0.64,0.560,86,1,1,377,3.9,0.45,0.36,16,524.4
survey,2,1,5,1,0.62,0.610,96,1,0,513,2.0,0.70,0.34,7,494.4
survey,2,1,5,1,0.78,0.750,81,0,0,313,3.5,0.44,0.30,12,116.3
survey,2,1,3,4,0.60,0.610,84,1,0,345,5.7,0.63,0.31,13,188.4
survey,2,0,3,1,0.69,0.670,95,1,0,544,4.7,0.57,0.16,15,522.6
survey,2,1,7,1,0.62,0.710,92,1,0,481,3.5,0.67,0.28,18,406.9
survey,4,1,3,4,0.82,0.820,92,1,0,340,5.6,0.69,0.31,12,142.3
survey,4,0,7,1,0.65,0.800,86,1,1,482,2.2,0.50,0.27,10,405.3
survey,4,1,5,3,0.73,0.790,97,1,1,439,4.1,0.52,0.40,15,225.2
survey,5,2,4,3,0.88,0.740,85,1,0,356,4.4,0.52,0.19,16,344.5
survey,5,2,8,1,0.69,0.560,94,0,0,475,1.6,0.47,0.29,16,512.2
survey,3,2,5,2,0.64,0.620,105,1,1,301,3.1,0.53,0.30,7,427.5
survey,2,1,4,1,0.83,0.600,107,1,0,311,2.7,0.50,0.27,14,411.1
survey,4,1,5,3,0.77,0.830,84,1,0,547,3.3,0.67,0.19,10,454.8
survey,2,1,5,1,0.77,0.790,80,1,0,454,4.4,0.46,0.29,15,481.9
survey,3,1,5,1,0.83,0.830,105,1,0,400,5.8,0.51,0.18,11,436.4
survey,2,1,6,1,0.63,0.590,92,0,0,339,5.5,0.49,0.21,10,407.6
survey,4,1,7,3,0.79,0.820,93,1,0,458,3.1,0.47,0.33,11,158.3
survey,2,1,7,2,0.85,0.720,101,1,1,322,2.5,0.57,0.32,10,188.7
survey,2,1,7,3,0.64,0.830,107,1,0,430,4.0,0.55,0.25,11,278.1
survey,3,1,7,1,0.82,0.810,95,1,0,557,1.2,0.43,0.19,15,559.7
survey,2,1,8,3,0.64,0.590,81,0,1,357,4.9,0.51,0.33,17,252.4
survey,4,1,5,1,0.64,0.770,97,1,0,381,5.6,0.42,0.17,9,264.4
survey,5,1,5,1,0.68,0.780,100,1,0,455,2.8,0.50,0.20,16,189.7
survey,6,1,6,2,0.63,0.690,86,1,1,357,2.2,0.64,0.15,18,286.2
survey,4,1,8,2,0.85,0.720,90,0,0,474,3.6,0.55,0.14,11,168
survey,3,0,8,1,0.86,0.720,89,1,1,366,4.1,0.56,0.18,14,565
survey,2,0,5,1,0.69,0.760,107,1,0,350,4.0,0.60,0.30,16,231.6
survey,1,0,5,2,0.62,0.840,105,1,0,535,2.8,0.62,0.22,9,153.1
survey,2,1,5,1,0.84,0.680,108,1,0,530,5.3,0.57,0.29,7,363.2
survey,1,0,4,2,0.82,0.710,81,1,0,492,3.9,0.43,0.21,7,130.2
survey,3,1,4,1,0.78,0.620,88,0,0,371,3.7,0.43,0.32,15,405.4
survey,2,0,4,2,0.81,0.590,96,1,0,486,3.0,0.42,0.16,12,340.3
survey,4,1,4,1,0.74,0.710,100,1,1,406,5.3,0.60,0.16,16,441.5
survey,2,1,7,2,0.82,0.730,91,1,0,322,5.0,0.55,0.19,8,350.5
survey,3,1,4,1,0.86,0.810,102,0,0,715,3.4,0.66,0.22,18,532.2
survey,2,1,8,5,0.73,0.670,94,1,1,870,1.2,0.44,0.30,9,214
survey,1,0,6,1,0.80,0.790,91,1,0,815,1.9,0.68,0.21,18,351.5
survey,2,1,4,3,0.75,0.620,104,1,0,813,1.5,0.70,0.15,9,511.2
survey,1,0,6,1,0.77,0.750,109,0,1,886,5.2,0.69,0.11,9,347.9
survey,1,0,4,1,0.80,0.750,95,1,0,980,5.1,0.51,0.18,12,574.2
survey,2,1,5,2,0.60,0.570,104,1,0,751,4.9,0.49,0.19,17,187.4
survey,3,1,5,1,0.76,0.640,87,1,0,855,1.8,0.51,0.33,8,405.5
survey,3,0,5,2,0.77,0.800,85,0,0,848,4.9,0.49,0.36,16,328.4
survey,4,0,5,1,0.72,0.760,92,1,1,930,4.1,0.59,0.16,10,202.8
survey,3,0,5,1,0.77,0.660,103,1,0,911,5.0,0.46,0.34,9,581.1
survey,2,1,5,2,0.79,0.760,88,1,0,778,1.4,0.47,0.26,11,331.6
survey,4,1,2,1,0.64,0.800,85,1,0,890,4.9,0.46,0.26,16,453.8
survey,2,1,3,4,0.65,0.740,101,1,1,884,4.9,0.43,0.23,15,342.9
survey,4,1,5,1,0.62,0.810,92,0,0,834,2.4,0.67,0.12,17,372.3
survey,2,0,2,3,0.73,0.800,97,1,0,917,4.6,0.49,0.19,9,189.1
survey,3,0,2,1,0.89,0.810,96,1,0,734,1.7,0.56,0.15,17,205.5
survey,2,1,2,2,0.60,0.640,87,0,0,745,4.4,0.42,0.30,7,555.1
survey,3,1,2,1,0.65,0.820,84,1,0,839,1.6,0.46,0.14,18,232.1
survey,2,0,8,1,0.76,0.770,102,1,1,779,6.0,0.64,0.27,13,162.9
survey,3,1,6,2,0.86,0.790,95,1,0,708,3.6,0.61,0.31,15,195.9
survey,2,0,4,1,0.60,0.570,100,1,0,928,1.1,0.61,0.39,14,233.3
survey,4,1,3,1,0.74,0.740,98,0,0,793,4.8,0.58,0.31,11,211.8
survey,5,1,9,1,0.76,0.590,109,1,1,941,1.1,0.42,0.32,13,213
survey,6,1,2,5,0.68,0.750,90,0,0,921,3.1,0.65,0.19,9,90.8
survey,4,1,3,1,0.67,0.710,93,1,0,875,2.2,0.44,0.22,10,234.3
survey,5,1,2,3,0.90,0.750,105,1,0,801,1.8,0.67,0.21,12,264.8
survey,3,1,6,1,0.85,0.760,104,1,0,860,4.2,0.54,0.32,10,599.7
survey,2,0,6,1,0.71,0.680,80,1,1,963,6.0,0.67,0.20,7,307.4
survey,3,1,4,3,0.64,0.770,90,1,0,782,2.5,0.49,0.24,14,494.3
survey,2,0,3,1,0.77,0.720,99,1,0,864,1.4,0.44,0.25,10,150.2
survey,4,1,5,1,0.64,0.810,101,0,0,929,1.1,0.42,0.22,9,564.9
survey,3,1,5,5,0.67,0.700,89,1,0,838,4.6,0.47,0.35,7,462.7
survey,2,0,3,1,0.68,0.650,91,1,0,860,5.3,0.52,0.39,17,433.4
survey,3,0,3,1,0.63,0.600,90,1,0,921,5.9,0.56,0.20,14,294
survey,4,1,3,5,0.87,0.840,100,0,0,800,1.6,0.65,0.28,10,519.4
survey,5,1,3,1,0.88,0.810,99,1,1,850,2.9,0.63,0.35,9,274.2
survey,3,0,4,4,0.83,0.830,84,1,0,769,1.3,0.47,0.30,10,330.6
survey,5,1,4,1,0.64,0.740,90,0,0,789,3.8,0.58,0.14,11,103.5
survey,3,1,3,1,0.62,0.700,91,1,0,935,3.9,0.55,0.26,9,485.7
survey,2,0,3,3,0.89,0.820,86,1,0,911,4.8,0.45,0.26,9,133.4
survey,4,0,3,1,0.64,0.600,105,0,0,825,3.5,0.67,0.38,11,187.8
survey,4,1,4,1,0.78,0.840,84,1,0,878,3.0,0.57,0.36,12,398.3
survey,2,1,4,3,0.64,0.770,99,1,0,806,6.0,0.59,0.39,9,528.4
survey,1,0,3,3,0.89,0.660,83,0,0,766,3.0,0.51,0.21,11,492.9
survey,1,0,3,1,0.61,0.620,104,1,1,723,3.7,0.45,0.19,10,459.9
survey,3,1,3,1,0.89,0.780,106,1,0,742,1.7,0.49,0.20,12,227.5
survey,4,1,5,3,0.77,0.590,99,1,0,908,3.4,0.54,0.11,11,538.4
survey,5,1,5,1,0.60,0.660,97,1,0,705,3.5,0.60,0.11,10,319
survey,6,1,5,3,0.66,0.780,89,1,0,902,1.4,0.43,0.33,11,388.9
survey,4,1,3,1,0.65,0.680,89,1,1,779,5.5,0.54,0.10,10,144.2
survey,3,1,3,3,0.72,0.780,83,1,0,772,3.8,0.54,0.12,10,191.8
survey,2,1,3,1,0.86,0.630,99,1,0,901,4.2,0.44,0.16,11,260
survey,5,1,4,1,0.79,0.820,84,0,0,934,2.8,0.67,0.27,10,241.6
survey,6,1,4,2,0.90,0.680,92,1,0,764,5.9,0.44,0.38,9,379.1
survey,7,1,4,1,0.89,0.820,97,1,0,811,6.0,0.67,0.10,11,367.9
survey,7,1,3,1,0.81,0.830,105,1,0,756,2.7,0.47,0.12,12,362.4
survey,4,1,3,1,0.85,0.710,103,1,0,918,3.0,0.66,0.27,10,174.9
survey,3,1,3,3,0.65,0.660,92,1,0,870,2.6,0.47,0.37,10,491.5
survey,3,1,4,1,0.80,0.600,91,1,1,790,2.7,0.66,0.23,11,213.7
survey,3,1,4,1,0.89,0.740,82,1,0,790,5.6,0.61,0.14,12,223
survey,3,1,4,2,0.63,0.700,110,1,0,793,3.2,0.53,0.40,12,193
survey,3,1,6,1,0.64,0.760,105,1,0,746,4.6,0.57,0.35,10,178.5
survey,2,1,6,2,0.61,0.610,102,1,0,809,2.1,0.66,0.22,10,475.6
survey,2,1,6,1,0.65,0.610,105,1,0,898,4.9,0.50,0.13,9,178.3
survey,5,2,4,2,0.87,0.630,102,1,0,914,4.9,0.63,0.28,10,402.9
survey,5,2,5,1,0.65,0.800,96,0,0,883,1.4,0.66,0.36,11,97.8
survey,6,2,5,1,0.69,0.630,95,1,0,895,3.2,0.69,0.30,11,461.9
survey,7,2,5,1,0.66,0.710,97,1,1,961,3.9,0.57,0.16,10,204.5
survey,4,1,3,2,0.70,0.560,90,1,0,920,3.5,0.45,0.22,10,436
survey,3,1,4,2,0.81,0.620,98,1,0,757,5.3,0.47,0.15,10,174.9
survey,6,1,4,1,0.89,0.850,92,1,0,787,1.5,0.47,0.29,12,241.8
survey,7,1,6,2,0.89,0.570,104,1,1,910,5.2,0.64,0.24,12,139.8
survey,8,2,4,2,0.89,0.720,106,1,0,870,3.4,0.58,0.31,12,474.8
survey,8,2,4,1,0.64,0.590,81,1,0,979,3.7,0.64,0.18,12,101.9
survey,6,1,6,1,0.64,0.740,101,1,0,901,2.8,0.61,0.19,9,158.2
survey,5,1,4,1,0.60,0.750,98,1,0,893,5.2,0.46,0.22,10,264.8
survey,4,1,5,2,0.75,0.690,91,1,1,873,5.2,0.51,0.34,11,534.2
survey,3,1,5,1,0.73,0.840,93,1,0,790,3.9,0.62,0.27,10,159.2
survey,3,1,5,1,0.86,0.700,99,0,0,801,3.4,0.65,0.32,10,365.6
survey,2,1,6,2,0.66,0.750,93,1,0,948,2.7,0.49,0.30,10,471.7
survey,3,1,5,2,0.88,0.610,99,1,0,903,1.2,0.46,0.39,9,416.3
survey,4,1,5,1,0.81,0.710,67,1,0,716,1.6,0.56,0.18,9,489.2
survey,5,1,6,2,0.85,0.570,86,0,0,963,2.3,0.45,0.17,11,562.1
survey,6,1,5,1,0.65,0.590,89,1,1,740,5.2,0.58,0.38,9,249.7
survey,7,1,4,2,0.85,0.830,102,1,0,899,5.8,0.51,0.40,12,190
survey,7,1,4,2,0.66,0.730,87,1,0,743,5.3,0.59,0.21,12,480.7
survey,7,1,6,1,0.84,0.580,88,0,0,744,5.2,0.41,0.19,12,170
survey,5,1,6,1,0.66,0.610,107,1,1,966,5.3,0.53,0.20,9,305.1
survey,7,1,4,2,0.75,0.670,106,1,0,734,5.5,0.59,0.13,9,344.4
survey,5,1,4,1,0.60,0.780,106,1,0,958,2.1,0.45,0.25,9,334.6
survey,4,1,6,1,0.61,0.690,102,1,1,791,4.5,0.42,0.27,10,405.9
survey,7,1,6,2,0.66,0.790,91,1,0,875,1.8,0.42,0.32,11,334.1
survey,4,1,5,2,0.78,0.670,94,1,0,810,2.0,0.53,0.15,11,395
survey,6,1,4,1,0.73,0.600,102,1,0,946,1.6,0.60,0.29,11,115.3
survey,2,1,6,2,0.77,0.580,82,1,0,702,3.4,0.65,0.33,12,236.7
survey,2,1,7,1,0.61,0.570,81,1,0,952,1.9,0.57,0.35,11,242.4
survey,1,0,4,2,0.61,0.710,85,1,0,959,5.4,0.64,0.39,12,300.5
survey,1,0,4,1,0.61,0.600,109,1,1,803,5.1,0.60,0.32,10,579.4
survey,2,1,6,2,0.82,0.570,86,1,0,818,5.1,0.49,0.30,11,472.6
survey,3,1,6,1,0.83,0.800,91,1,0,964,3.3,0.53,0.40,10,100.8
survey,2,0,5,2,0.60,0.570,89,1,0,918,3.2,0.51,0.23,10,169.3
survey,5,1,4,1,0.61,0.710,91,1,0,822,3.0,0.70,0.20,9,149.5
survey,2,1,4,2,0.70,0.640,92,1,0,971,1.9,0.43,0.26,9,563.5
survey,2,1,5,1,0.86,0.620,100,1,0,761,2.1,0.56,0.34,12,172.7
survey,2,1,5,2,0.81,0.770,81,1,1,841,4.2,0.59,0.25,11,487.9
survey,2,1,5,1,0.85,0.690,88,0,0,762,4.3,0.64,0.11,9,475.1
survey,2,1,5,1,0.85,0.600,104,1,0,837,5.9,0.53,0.15,9,180.2
survey,2,1,2,2,0.88,0.580,90,1,0,911,1.1,0.69,0.13,9,453.7
survey,2,1,3,1,0.81,0.690,90,1,1,796,5.2,0.60,0.14,10,468.6
survey,1,0,3,2,0.74,0.560,108,1,0,920,5.5,0.62,0.14,10,561
survey,1,0,5,1,0.74,0.740,98,1,0,821,4.8,0.54,0.32,12,374.5
survey,3,1,6,3,0.83,0.700,86,0,0,947,1.1,0.61,0.29,10,522.4
survey,4,2,4,1,0.74,0.850,86,1,1,916,5.3,0.54,0.12,10,555.2
survey,2,1,5,4,0.68,0.710,95,1,0,759,1.4,0.42,0.26,10,373.2
survey,1,0,6,2,0.73,0.690,100,1,0,710,2.5,0.56,0.39,11,269.3
survey,1,0,4,1,0.85,0.610,110,1,0,748,1.8,0.69,0.29,12,547.6
survey,3,0,3,4,0.65,0.590,82,1,0,935,4.7,0.47,0.35,11,447.7
survey,1,0,5,1,0.72,0.680,94,1,1,704,2.9,0.46,0.10,10,235.2
survey,5,1,5,3,0.89,0.760,90,1,0,750,2.4,0.53,0.13,11,229.4
survey,1,0,4,2,0.60,0.790,86,1,0,715,1.9,0.55,0.18,10,465.7
survey,1,0,4,1,0.83,0.730,88,1,0,785,1.7,0.57,0.37,11,261.6
survey,1,0,3,4,0.65,0.840,99,1,0,950,1.4,0.62,0.37,11,210.4
survey,1,0,3,1,0.78,0.760,100,1,0,743,2.4,0.50,0.13,10,321.1
survey,1,0,3,2,0.61,0.850,90,1,0,825,4.1,0.48,0.23,10,408.3
survey,1,0,4,3,0.80,0.690,100,1,0,952,3.1,0.51,0.37,12,465.8
survey,1,0,5,1,0.84,0.790,95,1,1,847,5.8,0.57,0.25,12,594.9
survey,2,0,5,1,0.87,0.760,92,1,0,700,2.0,0.69,0.38,12,578.5
survey,5,1,3,2,0.61,0.590,103,1,0,709,5.2,0.69,0.24,10,514.3
survey,3,1,3,2,0.60,0.610,104,1,0,797,3.4,0.53,0.39,11,418.3
survey,2,0,5,1,0.77,0.630,98,0,0,815,2.1,0.65,0.39,10,502.6
survey,1,0,5,2,0.81,0.570,95,1,1,854,4.3,0.64,0.34,12,359.2
survey,3,0,6,2,0.62,0.710,98,1,0,922,4.3,0.61,0.34,12,152.1
survey,5,1,6,1,0.77,0.780,95,0,0,977,2.7,0.53,0.38,12,337.2
survey,3,1,7,2,0.85,0.680,84,1,1,875,5.4,0.41,0.15,10,595.2